Rk,Player,Pos,Tm,Cap Hit
1,Kirk Cousins\CousKi00,QB,MIN,"$22,500,000 "
2,Ezekiel Ansah\AnsaEz00,DE,DET,"$17,143,000 "
3,Demarcus Lawrence\LawrDe00,DE,DAL,"$17,143,000 "
4,Russell Wilson\WilsRu00,QB,SEA,"$15,500,000 "
5,Calais Campbell\CampCa99,DE,JAX,"$15,000,000 "
6,Justin Houston\HousJu00,LB,KAN,"$14,750,000 "
7,Cam Newton\NewtCa00,QB,CAR,"$14,500,000 "
8,Ndamukong Suh\SuhxNd99,DT,LAR,"$14,000,000 "
9,Terrence Brooks\BrooTe00,FS,NYJ,"$14,000,000 "
10,Andy Dalton\DaltAn00,QB,CIN,"$13,700,000 "
11,Malik Jackson\JackMa02,DT,JAX,"$13,500,000 "
12,Josh Norman\NormJo01,CB,WAS,"$13,300,000 "
13,A.J. Bouye\BouyA.00,CB,JAX,"$13,000,000 "
14,Alex Smith\SmitAl03,QB,WAS,"$13,000,000 "
15,Olivier Vernon\VernOl00,DE,NYG,"$12,750,000 "
16,Chandler Jones\JoneCh03,DE,ARI,"$12,500,000 "
17,DeAndre Hopkins\HopkDe00,WR,HOU,"$12,500,000 "
18,Kawann Short\ShorKa00,DT,CAR,"$12,500,000 "
19,Jadeveon Clowney\ClowJa00,DE,HOU,"$12,306,000 "
20,Anthony Barr\BarrAn00,OLB,MIN,"$12,306,000 "
21,Gerald McCoy\McCoGe99,DT,TAM,"$12,250,000 "
22,Joe Flacco\FlacJo00,QB,BAL,"$12,000,000 "
23,Ben Roethlisberger\RoetBe00,QB,PIT,"$12,000,000 "
24,Andrew Luck\LuckAn00,QB,IND,"$12,000,000 "
25,Russell Okung\OkunRu20,T,LAC,"$12,000,000 "
26,Fletcher Cox\CoxxFl00,DT,PHI,"$11,500,000 "
27,Lamarcus Joyner\JoynLa00,CB,LAR,"$11,287,000 "
28,Melvin Ingram\IngrMe00,DE,LAC,"$11,250,000 "
29,Jason Pierre-Paul\PierJa99,DE,TAM,"$11,250,000 "
30,Eric Fisher\FishEr00,OT,KAN,"$11,150,000 "
31,Patrick Peterson\PetePa00,CB,ARI,"$11,000,000 "
32,DeSean Jackson\JackDe00,WR,TAM,"$11,000,000 "
33,Aqib Talib\TaliAq99,DB,LAR,"$11,000,000 "
34,T.Y. Hilton\HiltT.00,WR,IND,"$11,000,000 "
35,J.J. Watt\WattJ.00,DE,HOU,"$11,000,000 "
36,Larry Fitzgerald\FitzLa00,WR,ARI,"$11,000,000 "
37,Jamie Collins\CollJa00,OLB,CLE,"$10,650,000 "
38,Jurrell Casey\CaseJu00,DL,TEN,"$10,600,000 "
39,A.J. Green\GreeA.00,WR,CIN,"$10,550,000 "
40,Xavier Rhodes\RhodXa00,CB,MIN,"$10,400,000 "
41,Clay Matthews\MattCl99,LB,GNB,"$10,400,000 "
42,Robert Quinn\QuinRo00,DE,MIA,"$10,333,301 "
43,Terron Armstead\ArmsTe00,OT,NOR,"$10,200,000 "
44,Drew Brees\BreeDr00,QB,NOR,"$10,200,000 "
45,Kevin Zeitler\ZeitKe00,G,CLE,"$10,000,000 "
46,Bobby Wagner\WagnBo00,ILB,SEA,"$10,000,000 "
47,Tyrod Taylor\TaylTy00,QB,CLE,"$10,000,000 "
48,Logan Ryan\RyanLo00,CB,TEN,"$10,000,000 "
49,Philip Rivers\RivePh00,QB,LAC,"$10,000,000 "
50,Tyron Smith\SmitTy00,OT,DAL,"$10,000,000 "
51,Marcell Dareus\DareMa00,DT,JAX,"$9,925,000 "
52,Trent Williams\WillTr21,T,WAS,"$9,850,000 "
53,Kelechi Osemele\OsemKe00,T,OAK,"$9,700,000 "
54,Matthew Stafford\StafMa00,QB,DET,"$9,500,000 "
55,Ja'Wuan James\JameJa01,OT,MIA,"$9,341,000 "
56,Cordy Glenn\GlenCo00,T,CIN,"$9,250,000 "
57,Riley Reiff\ReifRi00,OT,MIN,"$9,100,000 "
58,Joe Haden\HadeJo99,DB,PIT,"$9,000,000 "
59,Robert Alford\AlfoRo00,CB,ATL,"$9,000,000 "
60,Brandon Linder\LindBr00,OG,JAX,"$9,000,000 "
61,Ryan Kerrigan\KerrRy00,DE,WAS,"$9,000,000 "
62,Julio Jones\JoneJu02,WR,ATL,"$9,000,000 "
63,Lavonte David\DaviLa00,OLB,TAM,"$8,750,000 "
64,Deone Bucannon\BucaDe00,SS,ARI,"$8,718,000 "
65,Dee Ford\FordDe00,DE,KAN,"$8,718,000 "
66,C.J. Mosley\MoslC.00,ILB,BAL,"$8,718,000 "
67,Cameron Jordan\JordCa00,DE,NOR,"$8,650,000 "
68,Randall Cobb\CobbRa00,WR,GNB,"$8,600,000 "
69,Darqueze Dennard\DennDa00,CB,CIN,"$8,526,000 "
70,Bradley Roby\RobyBr00,CB,DEN,"$8,526,000 "
71,Jimmie Ward\WardJi01,SS,SFO,"$8,526,000 "
72,Demaryius Thomas\ThomDe03,WR,DEN,"$8,500,000 "
73,Earl Thomas\ThomEa99,DB,SEA,"$8,500,000 "
74,Alex Mack\MackAl20,C,ATL,"$8,500,000 "
75,Stephon Gilmore\GilmSt00,CB,NWE,"$8,500,000 "
76,Desmond Trufant\TrufDe00,CB,ATL,"$8,500,000 "
77,Kelvin Benjamin\BenjKe00,WR,BUF,"$8,459,000 "
78,Mike Evans\EvanMi00,WR,TAM,"$8,258,000 "
79,Emmanuel Sanders\SandEm00,WR,DEN,"$8,250,000 "
80,Doug Baldwin\BaldDo00,WR,SEA,"$8,250,000 "
81,Jordan Reed\ReedJo02,TE,WAS,"$8,250,000 "
82,Joe Staley\StalJo20,T,SFO,"$8,025,000 "
83,Bruce Irvin\IrviBr00,DE,OAK,"$8,000,000 "
84,T.J. Lang\LangT.20,T,DET,"$8,000,000 "
85,Case Keenum\KeenCa00,QB,DEN,"$8,000,000 "
86,Rob Gronkowski\GronRo00,TE,NWE,"$8,000,000 "
87,Kelvin Beachum\BeacKe00,T,NYJ,"$8,000,000 "
88,Buster Skrine\SkriBu00,DB,NYJ,"$8,000,000 "
89,Derek Wolfe\WolfDe00,DT,DEN,"$8,000,000 "
90,Geno Atkins\AtkiGe99,DT,CIN,"$8,000,000 "
91,Cameron Wake\WakeCa00,LB,MIA,"$8,000,000 "
92,Kenny Stills\StilKe00,WR,MIA,"$7,975,000 "
93,Andre Branch\BranAn00,DE,MIA,"$7,900,000 "
94,Jonotthan Harrison\HarrJo03,C,NYJ,"$7,900,000 "
95,Kiko Alonso\AlonKi00,ILB,MIA,"$7,875,000 "
96,Damon Harrison\HarrDa03,DT,NYG,"$7,750,000 "
97,Ronald Leary\LearRo00,G,DEN,"$7,650,000 "
98,Harrison Smith\SmitHa00,FS,MIN,"$7,650,000 "
99,Keenan Allen\AlleKe00,WR,LAC,"$7,500,000 "
100,Devin McCourty\McCoDe99,DB,NWE,"$7,500,000 "
101,Chris Harris\HarrCh01,CB,DEN,"$7,400,000 "
102,Derek Carr\CarrDe02,QB,OAK,"$7,400,000 "
103,Brian Orakpo\OrakBr99,LB,TEN,"$7,250,000 "
104,Khalil Mack\MackKh00,OLB,CHI,"$7,000,000 "
105,Jabaal Sheard\SheaJa00,DL,IND,"$7,000,000 "
106,Marvin Jones\JoneMa02,WR,DET,"$7,000,000 "
107,Golden Tate\TateGo00,WR,DET,"$7,000,000 "
108,Sean Lee\LeexSe99,LB,DAL,"$7,000,000 "
109,Brian Winters\WintBr00,OG,NYJ,"$7,000,000 "
110,Maurkice Pouncey\PounMa20,C,PIT,"$7,000,000 "
111,Brandon Graham\GrahBr99,DE,PHI,"$7,000,000 "
112,Marshal Yanda\YandMa20,T,BAL,"$7,000,000 "
113,Jimmy Smith\SmitJi03,CB,BAL,"$6,882,353 "
114,Travis Kelce\KelcTr00,TE,KAN,"$6,800,000 "
115,Jason Peters\PeteJa21,T,PHI,"$6,750,000 "
116,Pierre Garcon\GarcPi00,WR,SFO,"$6,625,000 "
117,Mike Daniels\DaniMi00,DT,GNB,"$6,600,000 "
118,Jordan Jenkins\JenkJo01,OLB,NYJ,"$6,500,000 "
119,Derrick Morgan\MorgDe99,DE,TEN,"$6,500,000 "
120,Jared Veldheer\VeldJa20,T,DEN,"$6,500,000 "
121,Eric Weddle\WeddEr99,DB,BAL,"$6,500,000 "
122,William Gholston\GholWi00,DE,TAM,"$6,500,000 "
123,Kareem Jackson\JackKa99,DB,HOU,"$6,500,000 "
124,Mark Barron\BarrMa00,LB,LAR,"$6,499,999 "
125,Janoris Jenkins\JenkJa03,CB,NYG,"$6,400,000 "
126,Jerry Hughes\HughJe99,DE,BUF,"$6,350,000 "
127,Alvin Kamara\KamaAl00,RB,NOR,"$6,350,000 "
128,Duane Brown\BrowDu20,G,SEA,"$6,250,000 "
129,Mario Addison\AddiMa00,DE,CAR,"$6,250,000 "
130,Jimmy Garoppolo\GaroJi00,QB,SFO,"$6,200,000 "
131,Mohamed Sanu\SanuMo00,WR,ATL,"$6,125,000 "
132,LeSean McCoy\McCoLe01,RB,BUF,"$6,075,000 "
133,Kyle Rudolph\RudoKy00,TE,MIN,"$6,025,000 "
134,Jason Kelce\KelcJa00,OL,PHI,"$6,000,000 "
135,Dion Sims\SimsDi00,TE,CHI,"$6,000,000 "
136,Matt Ryan\RyanMa00,QB,ATL,"$6,000,000 "
137,Tyrone Crawford\CrawTy00,DE,DAL,"$6,000,000 "
138,Trumaine Johnson\JohnTr05,CB,NYJ,"$6,000,000 "
139,Rodney McLeod\McLeRo00,S,PHI,"$6,000,000 "
140,Ha Ha Clinton-Dix\ClinHa00,FS,GNB,"$5,957,000 "
141,Nate Solder\SoldNa00,T,NYG,"$5,900,000 "
142,Bryan Bulaga\BulaBr20,T,GNB,"$5,850,000 "
143,Danny Trevathan\TrevDa00,OLB,CHI,"$5,800,000 "
144,Sheldon Richardson\RichSh00,DT,MIN,"$5,800,000 "
145,Jourdan Lewis\LewiJo01,CB,DAL,"$5,800,000 "
146,Tashaun Gipson\GipsTa00,DB,JAX,"$5,750,000 "
147,Travis Benjamin\BenjTr00,WR,LAC,"$5,750,000 "
148,Dont'a Hightower\HighDo01,ILB,NWE,"$5,750,000 "
149,Mitchell Schwartz\SchwMi00,T,KAN,"$5,700,000 "
150,Donte Moncrief\MoncDo00,WR,JAX,"$5,600,000 "
151,Jake Matthews\MattJa00,OT,ATL,"$5,500,000 "
152,Joel Bitonio\BitoJo00,OT,CLE,"$5,500,000 "
153,Allen Bailey\BailAl00,DL,KAN,"$5,400,000 "
154,Rodger Saffold\SaffRo20,T,LAR,"$5,375,000 "
155,Jermaine Gresham\GresJe00,TE,ARI,"$5,250,000 "
156,Michael Brockers\BrocMi00,DT,LAR,"$5,250,000 "
157,Spencer Long\LongSp00,OG,NYJ,"$5,000,000 "
158,Lamar Miller\MillLa01,RB,HOU,"$5,000,000 "
159,Blake Bortles\BortBl00,QB,JAX,"$5,000,000 "
160,Mike Iupati\IupaMi20,G,ARI,"$5,000,000 "
161,Jared Cook\CookJa02,TE,OAK,"$5,000,000 "
162,J.C. Tretter\TretJC00,OG,CLE,"$5,000,000 "
163,Mike Pouncey\PounMi00,OL,LAC,"$5,000,000 "
164,Torrey Smith\SmitTo02,WR,CAR,"$5,000,000 "
165,Christian Kirksey\KirkCh00,OLB,CLE,"$5,000,000 "
166,Sam Bradford\BradSa00,QB,ARI,"$5,000,000 "
167,Brandon Marshall\MarsBr01,OLB,DEN,"$5,000,000 "
168,Jermaine Kearse\KearJe01,WR,NYJ,"$5,000,000 "
169,Ryan Schraeder\SchrRy00,T,ATL,"$5,000,000 "
170,Rishard Matthews\MattRi00,WR,TEN,"$5,000,000 "
171,Charles Leno\LenoCh00,OG,CHI,"$4,900,000 "
172,Dre Kirkpatrick\KirkDr00,CB,CIN,"$4,750,000 "
173,Whitney Mercilus\MercWh00,DE,HOU,"$4,750,000 "
174,Trai Turner\TurnTr01,OG,CAR,"$4,703,000 "
175,Clint Boling\BoliCl00,OL,CIN,"$4,550,000 "
176,Michael Johnson\JohnMi98,DE,CIN,"$4,550,000 "
177,Brandon Mebane\MebaBr99,DT,LAC,"$4,500,000 "
178,Brandon Carr\CarrBr99,DB,BAL,"$4,500,000 "
179,Ben Jones\JoneBe01,C,TEN,"$4,500,000 "
180,Darian Stewart\StewDa00,DB,DEN,"$4,500,000 "
181,Charles Clay\ClayCh00,TE,BUF,"$4,500,000 "
182,Barry Church\ChurBa99,DB,JAX,"$4,500,000 "
183,Joe Barksdale\BarkJo00,OL,LAC,"$4,500,000 "
184,Akiem Hicks\HickAk00,DE,CHI,"$4,500,000 "
185,Ryan Kalil\KaliRy20,C,CAR,"$4,500,000 "
186,Jahleel Addae\AddaJa00,S,LAC,"$4,500,000 "
187,Max Unger\UngeMa20,C,NOR,"$4,500,000 "
188,James Carpenter\CarpJa00,OL,NYJ,"$4,450,000 "
189,La'el Collins\CollLa01,OT,DAL,"$4,350,000 "
190,Bobby Massie\MassBo00,T,CHI,"$4,250,000 "
191,Larry Warford\WarfLa00,OG,NOR,"$4,250,000 "
192,Gabe Jackson\JackGa00,OG,OAK,"$4,250,000 "
193,A.J. Klein\KleiAJ00,ILB,NOR,"$4,100,000 "
194,Marcus Gilbert\GilbMa00,OL,PIT,"$4,050,000 "
195,Casey Hayward\HaywCa00,DB,LAC,"$4,000,000 "
196,DaQuan Jones\JoneDa04,DT,TEN,"$4,000,000 "
197,Terrell Suggs\SuggTe99,LB-DE,BAL,"$4,000,000 "
198,Marcus Cannon\CannMa00,OL,NWE,"$4,000,000 "
199,Nick Foles\FoleNi00,QB,PHI,"$4,000,000 "
200,Bilal Powell\PoweBi00,RB,NYJ,"$4,000,000 "
201,Tom Brady\BradTo00,QB,NWE,"$4,000,000 "
202,Avery Williamson\WillAv00,ILB,NYJ,"$4,000,000 "
203,William Hayes\HayeWi99,DE,MIA,"$4,000,000 "
204,Terrelle Pryor\PryoTe00,QB,NYJ,"$4,000,000 "
205,Mark Ingram\IngrMa01,RB,NOR,"$4,000,000 "
206,Brandin Cooks\CookBr00,WR,LAR,"$4,000,000 "
207,Allen Robinson\RobiAl02,WR,CHI,"$4,000,000 "
208,Jermey Parnell\ParnJe00,T,JAX,"$4,000,000 "
209,Demar Dotson\DotsDe00,T,TAM,"$3,975,000 "
210,Mike Remmers\RemmMi00,T,MIN,"$3,900,000 "
211,Everson Griffen\GrifEv99,DE,MIN,"$3,900,000 "
212,Jack Doyle\DoylJa00,TE,IND,"$3,900,000 "
213,Morris Claiborne\ClaiMo00,CB,NYJ,"$3,850,000 "
214,Adam Thielen\ThieAd00,WR,MIN,"$3,850,000 "
215,Glover Quin\QuinGl99,DB,DET,"$3,850,000 "
216,Vontaze Burfict\BurfVo00,LB,CIN,"$3,810,000 "
217,Vernon Davis\DaviVe00,TE,WAS,"$3,750,000 "
218,Micah Hyde\HydeMi00,CB,BUF,"$3,700,000 "
219,Domata Peko\PekoDo20,DT,DEN,"$3,700,000 "
220,Latavius Murray\MurrLa00,RB,MIN,"$3,650,000 "
221,Dante Fowler\FowlDa00,OLB,JAX,"$3,638,216 "
222,Malcolm Butler\ButlMa01,CB,TEN,"$3,500,000 "
223,Andy Levitre\LeviAn20,G,ATL,"$3,500,000 "
224,Jarvis Landry\LandJa00,WR,CLE,"$3,500,000 "
225,Star Lotulelei\LotuSt00,DT,BUF,"$3,500,000 "
226,Terrance Williams\WillTe01,WR,DAL,"$3,500,000 "
227,Prince Amukamara\AmukPr00,CB,CHI,"$3,500,000 "
228,Brent Grimes\GrimBr20,DB,TAM,"$3,500,000 "
229,Andrew Sendejo\SendAn00,DB,MIN,"$3,450,000 "
230,Jordy Nelson\NelsJo00,WR,OAK,"$3,400,000 "
231,Dwayne Allen\AlleDw00,TE,NWE,"$3,380,000 "
232,Laurent Duvernay-Tardif\DuveLa00,OT,KAN,"$3,310,000 "
233,Morgan Moses\MoseMo00,OT,WAS,"$3,250,000 "
234,Cole Beasley\BeasCo00,WR,DAL,"$3,250,000 "
235,Shawn Williams\WillSh02,SS,CIN,"$3,200,000 "
236,Stephen Gostkowski\GostSt20,K,NWE,"$3,200,000 "
237,Mason Crosby\CrosMa20,K,GNB,"$3,150,000 "
238,Steve McLendon\McLeSt00,DT,NYJ,"$3,125,000 "
239,Giovani Bernard\BernGi00,RB,CIN,"$3,100,000 "
240,Tahir Whitehead\WhitTa00,OLB,OAK,"$3,100,000 "
241,Denico Autry\AutrDe00,DE,IND,"$3,000,000 "
242,Ricky Wagner\WagnRi00,OT,DET,"$3,000,000 "
243,Malcolm Smith\SmitMa02,OLB,SFO,"$3,000,000 "
244,Weston Richburg\RichWe00,C,SFO,"$3,000,000 "
245,Vinny Curry\CurrVi00,DE,TAM,"$3,000,000 "
246,Donald Penn\PennDo20,T,OAK,"$3,000,000 "
247,Tyson Alualu\AluaTy99,DT,PIT,"$3,000,000 "
248,Chris Hogan\HogaCh00,WR,NWE,"$3,000,000 "
249,Abry Jones\JoneAb00,DT,JAX,"$3,000,000 "
250,Ted Ginn\GinnTe00,WR,NOR,"$3,000,000 "
251,Bryan Anger\AngeBr00,P,TAM,"$3,000,000 "
252,Todd Davis\DaviTo01,LB,DEN,"$3,000,000 "
253,Alec Ogletree\OgleAl00,OLB,NYG,"$3,000,000 "
254,Brooks Reed\ReedBr00,DL,ATL,"$3,000,000 "
255,D.J. Swearinger\SweaDJ00,FS,WAS,"$3,000,000 "
256,Antoine Bethea\BethAn20,DB,ARI,"$3,000,000 "
257,Cordarrelle Patterson\PattCo00,WR,NWE,"$3,000,000 "
258,Telvin Smith\SmitTe01,ILB,JAX,"$3,000,000 "
259,Brett Kern\KernBr20,P,TEN,"$3,000,000 "
260,Jared Goff\GoffJa00,QB,LAR,"$2,989,788 "
261,Leonard Williams\WillLe02,DT,NYJ,"$2,975,572 "
262,Danny Amendola\AmenDa00,WR,MIA,"$2,950,000 "
263,Justin Tucker\TuckJu00,K,BAL,"$2,950,000 "
264,Brett Jones\JoneBr04,C,MIN,"$2,914,000 "
265,Ben Garland\GarlBe00,DL,ATL,"$2,914,000 "
266,Justin Coleman\ColeJu01,CB,SEA,"$2,914,000 "
267,Corey Grant\GranCo00,RB,JAX,"$2,914,000 "
268,Matt Paradis\ParaMa00,C,DEN,"$2,914,000 "
269,Quincy Enunwa\EnunQu00,WR,NYJ,"$2,914,000 "
270,Shaquil Barrett\BarrSh00,OLB,DEN,"$2,914,000 "
271,Ty Nsekhe\NsekTy00,T,WAS,"$2,914,000 "
272,Tyrell Williams\WillTy00,WR,LAC,"$2,914,000 "
273,Adam Humphries\HumpAd00,WR,TAM,"$2,914,000 "
274,Trey Burton\BurtTr01,TE,CHI,"$2,800,000 "
275,Sam Koch\KochSa20,P,BAL,"$2,750,000 "
276,Kyle Juszczyk\JuszKy00,FB,SFO,"$2,750,000 "
277,Justin Britt\BritJu00,OT,SEA,"$2,750,000 "
278,Matt Schaub\SchaMa00,QB,ATL,"$2,750,000 "
279,Darius Slay\SlayDa00,CB,DET,"$2,726,269 "
280,Ezekiel Elliott\ElliEz00,RB,DAL,"$2,718,758 "
281,Theo Riddick\RiddTh00,RB,DET,"$2,700,000 "
282,Wesley Woodyard\WoodWe20,LB,TEN,"$2,700,000 "
283,Kevin White\WhitKe00,WR,CHI,"$2,693,597 "
284,Ramon Foster\FostRa21,T,PIT,"$2,675,000 "
285,Trent Murphy\MurpTr00,DE,BUF,"$2,625,000 "
286,Adam Vinatieri\vinatada01,K,IND,"$2,625,000 "
287,Akeem Spence\SpenAk00,DT,MIA,"$2,575,000 "
288,Jalen Ramsey\RamsJa00,CB,JAX,"$2,572,818 "
289,Delanie Walker\WalkHu00,TE,TEN,"$2,570,000 "
290,Britton Colquitt\ColqBr00,P,CLE,"$2,550,000 "
291,Daniel Kilgore\KilgDa00,OL,MIA,"$2,525,000 "
292,Taylor Gabriel\GabrTa00,WR,CHI,"$2,500,000 "
293,Stefen Wisniewski\WisnSt01,OL,PHI,"$2,500,000 "
294,Josh Kline\KlinJo01,OL,TEN,"$2,500,000 "
295,Phil Dawson\dawsophi01,K,ARI,"$2,500,000 "
296,Chris Hubbard\HubbCh00,G,CLE,"$2,500,000 "
297,Allen Hurns\HurnAl01,WR,DAL,"$2,500,000 "
298,Aaron Colvin\ColvAa00,CB,HOU,"$2,500,000 "
299,Chris Long\LongCh99,DE,PHI,"$2,500,000 "
300,Marshawn Lynch\LyncMa00,RB,OAK,"$2,500,000 "
301,Jordan Poyer\PoyeJo00,CB,BUF,"$2,500,000 "
302,Justin Ellis\ElliJu01,DT,OAK,"$2,500,000 "
303,Rhett Ellison\ElliRh00,FB,NYG,"$2,475,000 "
304,Lorenzo Alexander\AlexLo99,LB,BUF,"$2,450,000 "
305,Johnathan Joseph\JoseJo20,DB,HOU,"$2,400,000 "
306,Ereck Flowers\FlowEr00,OT,NYG,"$2,397,507 "
307,Sam Martin\MartSa01,P,DET,"$2,325,000 "
308,Ronnie Stanley\StanRo00,OT,BAL,"$2,312,212 "
309,Nevin Lawson\LawsNe00,CB,DET,"$2,300,000 "
310,Chris Conte\ContCh00,DB,TAM,"$2,250,000 "
311,Kareem Martin\MartKa00,DE,NYG,"$2,250,000 "
312,Seth Roberts\RobeSe00,WR,OAK,"$2,250,000 "
313,Devon Kennard\KennDe00,OLB,DET,"$2,250,000 "
314,Julius Peppers\PeppJu99,DE,CAR,"$2,250,000 "
315,Brandon Fusco\FuscBr00,OL,ATL,"$2,250,000 "
316,Ryan Succop\SuccRy44,K,TEN,"$2,250,000 "
317,Earl Mitchell\MitcEa99,DT,SFO,"$2,250,000 "
318,Brandon McManus\McMaBr01,K,DEN,"$2,250,000 "
319,D.J. Hayden\HaydDJ00,CB,JAX,"$2,250,000 "
320,Ryan Griffin\GrifRy00,TE,HOU,"$2,250,000 "
321,Beau Allen\AlleBe00,DT,TAM,"$2,250,000 "
322,Jack Crawford\CrawJa00,DE,ATL,"$2,250,000 "
323,Vincent Rey\ReyxVi00,LB,CIN,"$2,250,000 "
324,Vontae Davis\DaviVo99,DB,BUF,"$2,250,000 "
325,Kyle Williams\WillKy20,DT,BUF,"$2,250,000 "
326,Kyle Long\LongKy00,OT,CHI,"$2,248,158 "
327,Trae Waynes\WaynTr00,CB,MIN,"$2,200,142 "
328,Aaron Lynch\LyncAa00,DE,CHI,"$2,200,000 "
329,Matthew Bosher\BoshMa00,P,ATL,"$2,200,000 "
330,Nickell Robey-Coleman\RobeNi00,CB,LAR,"$2,125,000 "
331,Greg Zuerlein\ZuerGr00,K,LAR,"$2,050,000 "
332,Danny Shelton\ShelDa01,DT,NWE,"$2,030,954 "
333,Bennie Logan\LogaBe00,DT,TEN,"$2,000,000 "
334,Von Miller\MillVo00,LB,DEN,"$2,000,000 "
335,Robbie Gould\gouldrob01,K,SFO,"$2,000,000 "
336,Damion Square\SquaDa00,DE,LAC,"$2,000,000 "
337,Marcus Gilchrist\GilcMa00,DB,OAK,"$2,000,000 "
338,Ryan Jensen\JensRy00,T,TAM,"$2,000,000 "
339,Tyler Lockett\LockTy00,WR,SEA,"$2,000,000 "
340,Lee Smith\SmitLe00,TE,OAK,"$2,000,000 "
341,T.J. Carrie\CarrTr00,CB,CLE,"$2,000,000 "
342,Ryan Fitzpatrick\FitzRy00,QB,TAM,"$2,000,000 "
343,Chase Daniel\DaniCh00,QB,CHI,"$2,000,000 "
344,Richard Sherman\SherRi00,DB,SFO,"$2,000,000 "
345,Zack Martin\MartZa00,OT,DAL,"$2,000,000 "
346,Derrick Shelby\ShelDe00,DE,ATL,"$2,000,000 "
347,Dion Lewis\LewiDi00,RB,TEN,"$2,000,000 "
348,Devonta Freeman\FreeDe00,RB,ATL,"$2,000,000 "
349,Tyrann Mathieu\MathTy00,CB,HOU,"$2,000,000 "
350,Matt Prater\PratMa20,K,DET,"$2,000,000 "
351,Tramaine Brock\BrocTr00,DB,DEN,"$2,000,000 "
352,Anthony Sherman\SherAn00,RB,KAN,"$2,000,000 "
353,Andrew Norwell\NorwAn01,G,JAX,"$2,000,000 "
354,Kyle Van Noy\VanNKy00,OLB,NWE,"$2,000,000 "
355,Chris Thompson\ThomCh03,RB,WAS,"$1,996,000 "
356,Andrus Peat\PeatAn00,OT,NOR,"$1,988,657 "
357,DeVante Parker\ParkDe01,WR,MIA,"$1,918,165 "
358,Ricardo Allen\AlleRi00,CB,ATL,"$1,914,000 "
359,Greg Mancz\MancGr00,C,HOU,"$1,907,000 "
360,Grady Jarrett\JarrGr00,DT,ATL,"$1,907,000 "
361,Brent Qvale\QvalBr01,T,NYJ,"$1,907,000 "
362,Jamison Crowder\CrowJa00,WR,WAS,"$1,907,000 "
363,Jesse James\JameJe00,TE,PIT,"$1,907,000 "
364,Daryl Williams\WillDa06,OT,CAR,"$1,907,000 "
365,Tyeler Davison\DaviTy01,DT,NOR,"$1,907,000 "
366,Josh Bellamy\BellJo02,WR,CHI,"$1,907,000 "
367,JJ Nelson\NelsJJ00,WR,ARI,"$1,907,000 "
368,Jordan Hicks\HickJo00,OLB,PHI,"$1,907,000 "
369,Danielle Hunter\HuntDa01,DE,MIN,"$1,907,000 "
370,T.J. Jones\JoneT.00,WR,DET,"$1,907,000 "
371,Henry Anderson\AndeHe00,DE,NYJ,"$1,907,000 "
372,Anthony Chickillo\ChicAn00,DE,PIT,"$1,907,000 "
373,Trey Flowers\FlowTr00,DE,NWE,"$1,907,000 "
374,A.J. Cann\CannA.00,OG,JAX,"$1,907,000 "
375,Quinton Spain\SpaiQu00,OG,TEN,"$1,907,000 "
376,Stefon Diggs\DiggSt00,WR,MIN,"$1,907,000 "
377,Bryce Callahan\CallBr00,CB,CHI,"$1,907,000 "
378,Za'Darius Smith\SmitZa00,DE,BAL,"$1,907,000 "
379,Kyle Emanuel\EmanKy00,OLB,LAC,"$1,907,000 "
380,Dion Jordan\JordDi00,DE,SEA,"$1,907,000 "
381,Neal Sterling\SterNe00,WR,NYJ,"$1,907,000 "
382,Jay Ajayi\AjayJa00,RB,PHI,"$1,907,000 "
383,Max Garcia\GarcMa00,C,DEN,"$1,907,000 "
384,T.J. Clemmings\ClemT.00,OT,OAK,"$1,907,000 "
385,Jordan Berry\BerrJo00,P,PIT,"$1,907,000 "
386,Kwon Alexander\AlexKw00,OLB,TAM,"$1,907,000 "
387,Adrian Amos\AmosAd00,FS,CHI,"$1,907,000 "
388,Captain Munnerlyn\MunnCa99,DB,CAR,"$1,900,000 "
389,Nick Perry\PerrNi00,DE,GNB,"$1,900,000 "
390,Steven Nelson\NelsSt01,CB,KAN,"$1,897,000 "
391,Tyler Kroft\KrofTy00,TE,CIN,"$1,897,000 "
392,Jack Conklin\ConkJa00,OT,TEN,"$1,895,242 "
393,Eli Harold\HaroEl00,OLB,DET,"$1,892,000 "
394,Melvin Gordon\GordMe00,RB,LAC,"$1,889,968 "
395,Leonard Floyd\FloyLe00,OLB,CHI,"$1,884,806 "
396,David Johnson\JohnDa08,RB,ARI,"$1,882,500 "
397,Chris Conley\ConlCh00,WR,KAN,"$1,882,000 "
398,John Miller\MillJo04,OG,BUF,"$1,872,000 "
399,Demetrius Harris\HarrDe03,TE,KAN,"$1,850,000 "
400,Rashaan Melvin\MelvRa00,CB,OAK,"$1,850,000 "
401,Graham Gano\GanoGr44,K,CAR,"$1,850,000 "
402,Myles Garrett\GarrMy00,DE,CLE,"$1,847,375 "
403,Eli Apple\ApplEl00,CB,NYG,"$1,827,484 "
404,Kevin Johnson\JohnKe04,CB,HOU,"$1,805,375 "
405,Josh Martin\MartJo02,LB,NYJ,"$1,800,000 "
406,Josh Hill\HillJo02,TE,NOR,"$1,800,000 "
407,Daren Bates\BateDa00,LB,TEN,"$1,800,000 "
408,Arik Armstead\ArmsAr01,DE,SFO,"$1,777,177 "
409,Steven Hauschka\HausSt00,K,BUF,"$1,750,000 "
410,E.J. Gaines\GainE.00,CB,CLE,"$1,750,000 "
411,Brynden Trawick\TrawBr00,S,TEN,"$1,750,000 "
412,Dan Bailey\BailDa00,K,MIN,"$1,750,000 "
413,Garry Gilliam\GillGa01,T,SFO,"$1,750,000 "
414,Marcus Peters\PeteMa00,CB,LAR,"$1,741,931 "
415,Vernon Hargreaves\HargVe00,CB,TAM,"$1,738,878 "
416,Cameron Erving\ErviCa00,OT,KAN,"$1,720,781 "
417,Seantrel Henderson\HendSe00,OT,HOU,"$1,700,000 "
418,Kurt Coleman\ColeKu99,LB,NOR,"$1,700,000 "
419,Manti Te'o\TeoxMa00,ILB,NOR,"$1,700,000 "
420,Leonard Fournette\FourLe00,RB,JAX,"$1,699,129 "
421,Bud Dupree\DuprAl00,DE,PIT,"$1,692,583 "
422,Jamon Brown\BrowJa04,OT,LAR,"$1,682,647 "
423,Shane Ray\RayxSh00,DE,DEN,"$1,678,484 "
424,Garrett Celek\CeleGa00,TE,SFO,"$1,650,000 "
425,Michael Bennett\BennMi99,DE,PHI,"$1,650,000 "
426,Sheldon Rankins\RankSh00,DT,NOR,"$1,613,786 "
427,Byron Jones\JoneBy00,CB,DAL,"$1,607,991 "
428,Laken Tomlinson\TomlLa01,OG,SFO,"$1,600,941 "
429,Neiko Thorpe\ThorNe00,DB,SEA,"$1,600,000 "
430,Jason McCourty\McCoJa99,DB,NWE,"$1,600,000 "
431,Jacquizz Rodgers\RodgJa00,RB,TAM,"$1,600,000 "
432,Muhammad Wilkerson\WilkMu00,DT,GNB,"$1,600,000 "
433,Laremy Tunsil\TunsLa00,OT,MIA,"$1,582,514 "
434,Jamize Olawale\OlawJa00,FB,DAL,"$1,540,000 "
435,Johnathan Hankins\HankJo00,DT,OAK,"$1,534,118 "
436,Clinton McDonald\McDoCl99,DT,OAK,"$1,534,118 "
437,Karl Joseph\JoseKa00,SS,OAK,"$1,530,392 "
438,Julian Edelman\EdelJu00,WR,NWE,"$1,529,412 "
439,Ted Larsen\LarsTe20,C,MIA,"$1,500,000 "
440,Cody Davis\DaviCo02,S,JAX,"$1,500,000 "
441,Ryan Groy\GroyRy00,OG,BUF,"$1,500,000 "
442,Blaine Gabbert\GabbBl00,QB,TEN,"$1,500,000 "
443,Antonio Gates\GateAn00,TE,LAC,"$1,500,000 "
444,Terrance Mitchell\MitcTe00,CB,CLE,"$1,500,000 "
445,Mike Adams\AdamMi21,DB,CAR,"$1,500,000 "
446,Patrick DiMarco\DiMaPa00,FB,BUF,"$1,500,000 "
447,Niles Paul\PaulNi00,WR,JAX,"$1,500,000 "
448,T.J. McDonald\McDoTJ00,FS,MIA,"$1,500,000 "
449,Tavon Wilson\WilsTa00,FS,DET,"$1,500,000 "
450,Billy Turner\TurnBi00,OT,DEN,"$1,500,000 "
451,Margus Hunt\HuntMa00,DE,IND,"$1,500,000 "
452,Adrian Clayborn\ClayAd00,DL,NWE,"$1,500,000 "
453,Paul Richardson\RichPa01,WR,WAS,"$1,500,000 "
454,Luke Willson\WillLu00,TE,DET,"$1,500,000 "
455,Al Woods\WoodAl99,DT,IND,"$1,500,000 "
456,Carlos Hyde\HydeCa00,RB,CLE,"$1,500,000 "
457,Marquette King\KingMa00,P,DEN,"$1,500,000 "
458,Duron Harmon\HarmDu00,FS,NWE,"$1,500,000 "
459,Zach Fulton\FultZa00,OG,HOU,"$1,500,000 "
460,Lerentee McCray\McCrLe01,LB,JAX,"$1,500,000 "
461,Jordan Mills\MillJo02,OT,BUF,"$1,500,000 "
462,Jeff Heath\HeatJe00,S,DAL,"$1,500,000 "
463,Bradley McDougald\McDoBr01,FS,SEA,"$1,500,000 "
464,Mike Pennel\PennMi00,DT,NYJ,"$1,500,000 "
465,Tramon Williams\WillTr99,DB,GNB,"$1,500,000 "
466,Malcom Brown\BrowMa01,DT,NWE,"$1,473,167 "
467,Odell Beckham\BeckOd00,WR,NYG,"$1,459,000 "
468,D.J. Humphries\HumpD.00,OT,ARI,"$1,450,288 "
469,Spencer Ware\WareSp00,RB,KAN,"$1,450,000 "
470,Jimmy Graham\GrahJi00,TE,GNB,"$1,450,000 "
471,Marquise Goodwin\GoodMa00,WR,SFO,"$1,450,000 "
472,Sam Acho\AchoSa00,OLB,CHI,"$1,450,000 "
473,Taylor Decker\DeckTa00,OT,DET,"$1,446,998 "
474,Keanu Neal\NealKe01,FS,ATL,"$1,426,150 "
475,Kevin Pierre-Louis\PierKe00,OLB,NYJ,"$1,411,765 "
476,Ryan Kelly\KellRy00,C,IND,"$1,400,089 "
477,Kevin Huber\HubeKe20,P,CIN,"$1,400,000 "
478,Coty Sensabaugh\SensCo00,CB,PIT,"$1,400,000 "
479,Lawrence Guy\GuyxLa00,DT,NWE,"$1,400,000 "
480,Anthony Levine\LeviAn00,S,BAL,"$1,400,000 "
481,Eric Kush\KushEr00,C,CHI,"$1,400,000 "
482,Jonathan Stewart\StewJo00,RB,NYG,"$1,400,000 "
483,Sylvester Williams\WillSy00,DT,DET,"$1,400,000 "
484,Shaq Lawson\LawsSh00,DE,BUF,"$1,384,452 "
485,Darron Lee\LeexDa00,OLB,NYJ,"$1,379,241 "
486,Will Fuller\FullWi01,WR,HOU,"$1,378,028 "
487,Josh Doctson\DoctJo00,WR,WAS,"$1,363,604 "
488,Mike Williams\WillMi07,WR,LAC,"$1,362,724 "
489,Laquon Treadwell\TreaLa00,WR,MIN,"$1,353,180 "
490,Chandler Catanzaro\CataCh00,K,TAM,"$1,350,000 "
491,Tress Way\WayxTr00,P,WAS,"$1,350,000 "
492,William Jackson\JackWi02,CB,CIN,"$1,332,331 "
493,Artie Burns\BurnAr00,CB,PIT,"$1,321,907 "
494,Kenny Clark\ClarKe01,DT,GNB,"$1,301,059 "
495,Derrick Johnson\JohnDe25,LB,OAK,"$1,300,000 "
496,Vlad Ducasse\DucaVl20,G,BUF,"$1,300,000 "
497,Rafael Bush\BushRa00,S,BUF,"$1,300,000 "
498,Ryan Allen\AlleRy01,P,NWE,"$1,300,000 "
499,Joshua Garnett\GarnJo00,OG,SFO,"$1,295,846 "
500,Craig Robertson\RobeCr00,LB,NOR,"$1,275,000 "
501,Connor Barwin\BarwCo99,DE,NYG,"$1,270,000 "
502,Landon Collins\CollLa00,SS,NYG,"$1,269,620 "
503,Mario Edwards\EdwaMa01,DE,NYG,"$1,255,521 "
504,K'Waun Williams\WillKW00,DB,SFO,"$1,250,000 "
505,Johnson Bademosi\BadeJo00,DB,HOU,"$1,250,000 "
506,Eric Ebron\EbroEr00,TE,IND,"$1,250,000 "
507,Zach Kerr\KerrZa00,NT,DEN,"$1,250,000 "
508,Cody Parkey\ParkCo03,K,CHI,"$1,250,000 "
509,Lance Kendricks\KendLa00,TE,GNB,"$1,250,000 "
510,Ethan Westbrooks\WestEt00,DE,LAR,"$1,250,000 "
511,Senio Kelemete\KeleSe00,T,HOU,"$1,250,000 "
512,Corey Peters\PeteCo00,DT,ARI,"$1,250,000 "
513,Kenny Wiggins\WiggKe00,T,DET,"$1,250,000 "
514,Christian McCaffrey\McCaCh01,RB,CAR,"$1,248,695 "
515,John Ross\RossJo00,WR,CIN,"$1,242,994 "
516,T.J. Yeldon\YeldT.00,RB,JAX,"$1,241,421 "
517,Robert Nkemdiche\NkemRo00,DT,ARI,"$1,231,873 "
518,Preston Smith\SmitPr00,DE,WAS,"$1,223,094 "
519,Mark Glowinski\GlowMa00,OG,IND,"$1,219,000 "
520,Vernon Butler\ButlVe00,DT,CAR,"$1,213,319 "
521,Eddie Goldman\GoldEd00,DT,CHI,"$1,210,407 "
522,Germain Ifedi\IfedGe00,OT,SEA,"$1,201,373 "
523,Matt Slater\SlatMa00,WR,NWE,"$1,200,000 "
524,Julian Stanford\StanJu00,LB,BUF,"$1,200,000 "
525,Evander Hood\HoodEv99,DT,WAS,"$1,200,000 "
526,Chris Jones\JoneCh02,P,DAL,"$1,200,000 "
527,Darrius Heyward-Bey\HeywDa00,WR,PIT,"$1,200,000 "
528,Nate Ebner\EbneNa00,DB,NWE,"$1,200,000 "
529,Benardrick McKinney\McKiBe00,ILB,HOU,"$1,163,880 "
530,Marshon Lattimore\LattMa01,CB,NOR,"$1,163,162 "
531,Donovan Smith\SmitDo02,OT,TAM,"$1,162,571 "
532,Russell Bodine\BodiRu00,OG,BUF,"$1,150,000 "
533,Darren Fells\FellDa01,TE,CLE,"$1,150,000 "
534,Reggie Nelson\NelsRe99,DB,OAK,"$1,150,000 "
535,Linval Joseph\JoseLi99,DT,MIN,"$1,150,000 "
536,Derek Carrier\CarrDe00,WR,OAK,"$1,150,000 "
537,Eric Kendricks\KendEr00,ILB,MIN,"$1,138,080 "
538,Ben Watson\WatsBe00,TE,NOR,"$1,105,000 "
539,Eric Rowe\RoweEr00,CB,NWE,"$1,100,435 "
540,Michael Thomas\ThomMi02,S,NYG,"$1,100,000 "
541,Cassius Marsh\MarsCa00,DE,SFO,"$1,100,000 "
542,Sherrick McManis\McMaSh99,DB,CHI,"$1,100,000 "
543,Matt Bryant\bryanmat01,K,ATL,"$1,100,000 "
544,Dennis Kelly\KellDe00,OT,TEN,"$1,100,000 "
545,Beau Brinkley\BrinBe00,LSTE,TEN,"$1,100,000 "
546,Colin Jones\JoneCo01,DB,CAR,"$1,100,000 "
547,Lane Taylor\TaylLa01,G,GNB,"$1,100,000 "
548,Aaron Rodgers\RodgAa00,QB,GNB,"$1,100,000 "
549,Deshaun Watson\WatsDe00,QB,HOU,"$1,094,740 "
550,Phillip Dorsett\DorsPh00,WR,NWE,"$1,094,373 "
551,Damarious Randall\RandDa00,FS,CLE,"$1,090,381 "
552,Devin Funchess\FuncDe00,WR,CAR,"$1,087,850 "
553,Stephone Anthony\AnthSt00,ILB,MIA,"$1,087,150 "
554,Haason Reddick\ReddHa00,OLB,ARI,"$1,077,635 "
555,Emmanuel Ogbah\OgbaEm00,DE,CLE,"$1,050,876 "
556,Marcedes Lewis\LewiMa00,TE,GNB,"$1,050,000 "
557,Christian Jones\JoneCh05,ILB,DET,"$1,050,000 "
558,Eli Manning\MannEl00,QB,NYG,"$1,050,000 "
559,Marcus Sherels\SherMa20,DB,MIN,"$1,050,000 "
560,Josh Adams\AdamJo03,RB,PHI,"$1,050,000 "
561,Derek Barnett\BarnDe01,DE,PHI,"$1,049,126 "
562,Denzel Perryman\PerrDe00,ILB,LAC,"$1,048,836 "
563,Mitch Morse\MorsMi00,OT,KAN,"$1,047,239 "
564,Jaylon Smith\SmitJa05,OLB,DAL,"$1,040,452 "
565,Malik Hooker\HookMa00,FS,IND,"$1,037,723 "
566,Jordan Phillips\PhilJo01,DT,2TM,"$1,029,942 "
567,Myles Jack\JackMy00,OLB,JAX,"$1,025,858 "
568,Jaquiski Tartt\TartJa00,SS,SFO,"$1,021,865 "
569,John Denney\DennJo20,DE-C,MIA,"$1,015,000 "
570,Don Muhlbach\MuhlDo20,C,DET,"$1,015,000 "
571,Adam Jones\JonePa20,DB,DEN,"$1,015,000 "
572,John Greco\GrecJo20,T,NYG,"$1,015,000 "
573,Adrian Peterson\PeteAd01,RB,WAS,"$1,015,000 "
574,Darren Sproles\SproDa00,RB,PHI,"$1,015,000 "
575,Haloti Ngata\NgatHa20,DT,PHI,"$1,015,000 "
576,Mike Nugent\nugenmik01,K,OAK,"$1,015,000 "
577,Garrison Sanborn\SanbGa00,C,TAM,"$1,015,000 "
578,Corey Graham\GrahCo99,DB,PHI,"$1,015,000 "
579,Andy Lee\LeexAn20,P,ARI,"$1,015,000 "
580,Frank Gore\GoreFr00,RB,MIA,"$1,015,000 "
581,Sebastian Janikowski\janikseb01,K,SEA,"$1,015,000 "
582,Brandon Marshall\MarsBr00,WR,SEA,"$1,015,000 "
583,Josh Sitton\SittJo20,G,MIA,"$1,015,000 "
584,Dustin Colquitt\ColqDu20,P,KAN,"$1,015,000 "
585,Dominique Rodgers-Cromartie\RodgDo99,DB,OAK,"$1,015,000 "
586,Clark Harris\HarrCl20,TE,CIN,"$1,015,000 "
587,Greg Olsen\OlseGr00,TE,CAR,"$1,015,000 "
588,Zak DeOssie\DeOsZa99,LB,NYG,"$1,015,000 "
589,Frostee Rucker\RuckFr99,DE,OAK,"$1,015,000 "
590,Matt Cassel\CassMa00,QB,DET,"$1,015,000 "
591,Andrew Whitworth\WhitAn20,T,LAR,"$1,015,000 "
592,L.P. Ladouceur\LadoL.20,LS,DAL,"$1,015,000 "
593,Ronald Darby\DarbRo00,CB,PHI,"$1,008,139 "
594,Xavien Howard\HowaXa00,CB,MIA,"$1,007,094 "
595,Marlon Humphrey\HumpMa00,CB,BAL,"$1,003,522 "
596,Cameron Fleming\FlemCa00,OT,DAL,"$1,000,000 "
597,Tyler Eifert\EifeTy00,TE,CIN,"$1,000,000 "
598,James Hurst\HursJa00,OT,BAL,"$1,000,000 "
599,Taylor Lewan\LewaTa00,OT,TEN,"$1,000,000 "
600,Roosevelt Nix\NixxRo01,FB,PIT,"$1,000,000 "
601,Pat O'Donnell\ODonPa00,P,CHI,"$1,000,000 "
602,Michael Crabtree\CrabMi00,WR,BAL,"$1,000,000 "
603,Da'Norris Searcy\SearDa00,DB,CAR,"$1,000,000 "
604,John Brown\BrowJo02,WR,BAL,"$1,000,000 "
605,Davante Adams\AdamDa01,WR,GNB,"$1,000,000 "
606,William Compton\CompWi00,LB,TEN,"$1,000,000 "
607,Kyle Fuller\FullKy00,CB,CHI,"$1,000,000 "
608,Morgan Burnett\BurnMo99,DB,PIT,"$1,000,000 "
609,Marshall Newhouse\NewhMa20,GT,BUF,"$1,000,000 "
610,Carlos Dunlap\DunlCa99,DE,CIN,"$1,000,000 "
611,Willie Snead\SneaWi00,WR,BAL,"$1,000,000 "
612,Brandon Williams\WillBr02,DT,BAL,"$1,000,000 "
613,Chris Ivory\IvorCh00,RB,BUF,"$1,000,000 "
614,Tavon Austin\AustTa00,WR,DAL,"$1,000,000 "
615,Pierre Desir\DesiPi00,CB,IND,"$1,000,000 "
616,Luke Stocker\StocLu00,TE,TEN,"$1,000,000 "
617,Preston Brown\BrowPr00,ILB,CIN,"$1,000,000 "
618,Alshon Jeffery\JeffAl00,WR,PHI,"$1,000,000 "
619,Mason Foster\FostMa00,LB,WAS,"$1,000,000 "
620,Isaiah Crowell\CrowIs00,RB,NYJ,"$1,000,000 "
621,Kevin Pamphile\PampKe00,OT,TEN,"$1,000,000 "
622,David Bakhtiari\BakhDa00,OT,GNB,"$1,000,000 "
623,Virgil Green\GreeVi00,TE,LAC,"$1,000,000 "
624,Morgan Cox\CoxxMo00,C,BAL,"$1,000,000 "
625,Justin Pugh\PughJu00,OG,ARI,"$1,000,000 "
626,Patrick Robinson\RobiPa99,DB,NOR,"$1,000,000 "
627,Brandon Copeland\CopeBr00,LB,NYJ,"$1,000,000 "
628,J.J. Wilcox\WilcJ.00,S,NYJ,"$1,000,000 "
629,Rex Burkhead\BurkRe00,RB,NWE,"$1,000,000 "
630,Ryan Grant\GranRy01,WR,IND,"$1,000,000 "
631,Ray-Ray Armstrong\ArmsRa01,LB,NYG,"$1,000,000 "
632,James White\WhitJa02,RB,NWE,"$1,000,000 "
633,Caleb Sturgis\SturCa00,K,LAC,"$1,000,000 "
634,Chris Smith\SmitCh03,DE,CLE,"$1,000,000 "
635,Brent Urban\UrbaBr00,DE,BAL,"$1,000,000 "
636,Levine Toilolo\ToilLe00,TE,DET,"$1,000,000 "
637,Barkevious Mingo\MingBa00,OLB,SEA,"$1,000,000 "
638,Adrian Phillips\PhilAd00,DB,LAC,"$1,000,000 "
639,Jeremy Hill\HillJe01,RB,NWE,"$1,000,000 "
640,Quandre Diggs\DiggQu00,CB,DET,"$1,000,000 "
641,Tre Boston\BostTr00,FS,ARI,"$1,000,000 "
642,Robert Turbin\TurbRo00,RB,IND,"$1,000,000 "
643,Zach Brown\BrowZa00,OLB,WAS,"$1,000,000 "
644,Tony Jefferson\JeffTo00,FS,BAL,"$1,000,000 "
645,Chris Banjo\BanjCh00,S,NOR,"$1,000,000 "
646,Corey Linsley\LinsCo00,C,GNB,"$1,000,000 "
647,Evan Dietrich-Smith\DietEv00,G,TAM,"$1,000,000 "
648,Chance Warmack\WarmCh00,OG,PHI,"$1,000,000 "
649,LeGarrette Blount\BlouLe00,RB,DET,"$1,000,000 "
650,Andre Holmes\HolmAn00,WR,BUF,"$1,000,000 "
651,Cameron Brate\BratCa00,TE,TAM,"$1,000,000 "
652,Michael Schofield\SchoMi00,OT,LAC,"$1,000,000 "
653,Matt Slauson\SlauMa20,G,IND,"$1,000,000 "
654,John Sullivan\SullJo24,C,LAR,"$999,999 "
655,Noah Spence\SpenNo00,DE,TAM,"$998,755 "
656,Jonathan Allen\AlleJo01,DT,WAS,"$992,108 "
657,Sterling Shepard\ShepSt00,WR,NYG,"$990,416 "
658,Maxx Williams\WillMa04,TE,BAL,"$987,646 "
659,Adoree' Jackson\JackAd00,CB,TEN,"$977,854 "
660,Rob Havenstein\HaveRo00,OT,LAR,"$976,367 "
661,Jamar Taylor\TaylJa01,CB,ARI,"$975,000 "
662,Cody Latimer\LatiCo00,WR,NYG,"$975,000 "
663,Kyle Nelson\NelsKy00,TE,SFO,"$975,000 "
664,Kamalei Correa\CorrKa00,OLB,TEN,"$972,694 "
665,Reshad Jones\JoneRe99,DB,MIA,"$970,000 "
666,Markus Golden\GoldMa00,OLB,ARI,"$969,318 "
667,O.J. Howard\HowaO.00,TE,TAM,"$969,301 "
668,Garett Bolles\BollGa00,OT,DEN,"$966,450 "
669,Jake Fisher\FishJa00,OT,CIN,"$965,884 "
670,Austin Johnson\JohnAu01,DT,TEN,"$964,748 "
671,Jarrad Davis\DaviJa01,ILB,DET,"$963,599 "
672,Ty Sambrailo\SambTy00,OT,ATL,"$959,447 "
673,Charles Harris\HarrCh03,DE,MIA,"$957,897 "
674,Duke Johnson\JohnDu00,RB,CLE,"$957,000 "
675,Jermon Bushrod\BushJe20,T,NOR,"$955,294 "
676,Evan Engram\EngrEv00,TE,NYG,"$952,196 "
677,Pernell McPhee\McPhPe00,DL,WAS,"$950,000 "
678,Shawn Lauvao\LauvSh20,G,WAS,"$950,000 "
679,Todd Gurley\GurlTo01,RB,LAR,"$950,000 "
680,Frank Clark\ClarFr01,DE,SEA,"$943,938 "
681,Derrick Henry\HenrDe00,RB,TEN,"$941,630 "
682,Nigel Bradham\BradNi00,OLB,PHI,"$941,176 "
683,Jordan Richards\RichJo00,SS,ATL,"$941,121 "
684,Gareon Conley\ConlGa00,CB,OAK,"$940,792 "
685,Shaq Thompson\ThomSh01,OLB,CAR,"$936,000 "
686,Jabrill Peppers\PeppJa00,SS,CLE,"$935,090 "
687,Corey Liuget\LiugCo00,DT,LAC,"$935,000 "
688,Reggie Ragland\RaglRe00,ILB,KAN,"$931,034 "
689,Takkarist McKinley\McKiTa00,OLB,ATL,"$929,388 "
690,A'Shawn Robinson\RobiAS00,DT,DET,"$925,785 "
691,TreDavious White\WhitTr01,CB,BUF,"$923,687 "
692,Taco Charlton\CharTa00,DE,DAL,"$920,836 "
693,Thomas Morstead\MorsTh00,P,NOR,"$918,000 "
694,Chris Jones\JoneCh09,DT,KAN,"$916,476 "
695,Michael Thomas\ThomMi05,WR,NOR,"$915,361 "
696,Andre Smith\SmitAn23,T,ARI,"$915,000 "
697,Dwayne Harris\HarrDw00,WR,OAK,"$915,000 "
698,Davon House\HousDa00,DB,GNB,"$915,000 "
699,Ramon Humber\HumbRa00,LB,BUF,"$915,000 "
700,Nick Bellore\BellNi01,LB,DET,"$915,000 "
701,Jeremy Kerley\KerlJe00,WR,BUF,"$915,000 "
702,Sam Shields\ShieSa00,DB,LAR,"$915,000 "
703,Joe Webb\WebbJo00,WR,HOU,"$915,000 "
704,Ron Parker\ParkRo01,CB,KAN,"$915,000 "
705,Kendrick Lewis\LewiKe00,DB,TEN,"$915,000 "
706,J.J. Jansen\JansJ.00,C,CAR,"$915,000 "
707,Kyle Love\LoveKy00,DT,CAR,"$915,000 "
708,Michael Person\PersMi00,OL,SFO,"$915,000 "
709,Nick Sundberg\SundNi00,C,WAS,"$915,000 "
710,Andre Roberts\RobeAn00,WR,NYJ,"$915,000 "
711,Ricky Jean-Francois\JeanRi99,DT,DET,"$915,000 "
712,Brian Hoyer\HoyeBr00,QB,NWE,"$915,000 "
713,Logan Paulsen\PaulLo00,TE,ATL,"$915,000 "
714,Jon Weeks\WeekJo00,C,HOU,"$915,000 "
715,Patrick Chung\ChunPa99,DB,NWE,"$915,000 "
716,Mike Wallace\WallMi00,WR,PHI,"$915,000 "
717,Brandon LaFell\LaFeBr00,WR,OAK,"$915,000 "
718,Antonio Brown\BrowAn04,WR,PIT,"$915,000 "
719,Jake McQuaide\McQuJa00,LS,LAR,"$915,000 "
720,Rodney Hudson\HudsRo00,OL,OAK,"$915,000 "
721,Teddy Bridgewater\BridTe00,QB,NOR,"$915,000 "
722,Cameron Heyward\HeywCa01,DE,PIT,"$915,000 "
723,Malcolm Jenkins\JenkMa99,DB,PHI,"$915,000 "
724,Orlando Scandrick\ScanOr99,DB,KAN,"$915,000 "
725,Sam Young\YounSa21,T,MIA,"$915,000 "
726,Mike Windt\WindMi00,C,LAC,"$915,000 "
727,Tank Carradine\CarrCo00,DE,OAK,"$915,000 "
728,Leon Hall\HallLe98,DB,OAK,"$915,000 "
729,Shaq Mason\MasoSh01,C,NWE,"$907,000 "
730,Jason Spriggs\SpriJa00,OT,GNB,"$904,936 "
731,Brock Coyle\CoylBr00,LB,SFO,"$900,000 "
732,Wes Horton\HortWe00,DE,CAR,"$900,000 "
733,Kenny Vaccaro\VaccKe00,FS,TEN,"$900,000 "
734,Russell Shepard\ShepRu00,WR,NYG,"$900,000 "
735,Patrick Omameh\OmamPa00,G,NYG,"$900,000 "
736,David Andrews\AndrDa00,C,NWE,"$900,000 "
737,Marcus Cooper\CoopMa00,CB,CHI,"$900,000 "
738,Joe Thomas\ThomJo04,LB,DAL,"$900,000 "
739,David Njoku\NjokDa00,TE,CLE,"$897,959 "
740,Jarran Reed\ReedJa02,DT,SEA,"$894,512 "
741,Aaron Donald\DonaAa00,DT,LAR,"$892,000 "
742,T.J. Watt\WattT.00,OLB,PIT,"$885,844 "
743,Nick Martin\MartNi00,C,HOU,"$884,088 "
744,Tom Johnson\JohnTo01,DT,2TM,"$882,353 "
745,Ameer Abdullah\AbduAm00,RB,DET,"$876,745 "
746,Deshazor Everett\EverDe01,CB,WAS,"$875,000 "
747,Ali Marpet\MarpAl00,C,TAM,"$874,581 "
748,Ryan Ramczyk\RamcRy00,OT,NOR,"$869,162 "
749,Deion Jones\JoneDe01,OLB,ATL,"$863,240 "
750,Shareece Wright\WrigSh00,DB,HOU,"$861,176 "
751,Chris Clark\ClarCh21,T,CAR,"$861,176 "
752,Zach Line\LineZa01,FB,NOR,"$850,000 "
753,Alex Okafor\OkafAl00,DE,NOR,"$850,000 "
754,Angelo Blackson\BlacAn00,DT,HOU,"$850,000 "
755,Cameron Meredith\MereCa00,WR,NOR,"$850,000 "
756,Byron Bell\BellBy00,T,GNB,"$850,000 "
757,Justin Bethel\BethJu00,CB,ATL,"$850,000 "
758,Demario Davis\DaviDe00,OLB,NOR,"$850,000 "
759,Bradley Sowell\SoweBr00,T,CHI,"$850,000 "
760,Joe Looney\LoonJo01,G,DAL,"$850,000 "
761,Doug Martin\MartDo00,RB,OAK,"$850,000 "
762,Mackensie Alexander\AlexMa01,CB,MIN,"$842,391 "
763,Cody Whitehair\WhitCo03,OG,CHI,"$834,051 "
764,Kerry Wynn\WynnKe00,DE,NYG,"$825,000 "
765,Terrell McClain\McClTe00,DL,ATL,"$825,000 "
766,Eric Reid\ReidEr00,FS,CAR,"$823,529 "
767,Sean Davis\DaviSe00,FS,PIT,"$821,543 "
768,Vonn Bell\BellVo00,SS,NOR,"$811,118 "
769,James Bradberry\BradJa00,CB,CAR,"$810,076 "
770,Adam Gotsis\GotsAd00,DT,DEN,"$807,991 "
771,Albert McClellan\McClAl00,DE,BAL,"$807,353 "
772,Josh Harris\HarrJo02,LS,ATL,"$805,000 "
773,Dontari Poe\PoexDo00,DT,CAR,"$800,000 "
774,J.R. Sweezy\SweeJ.00,G,SEA,"$800,000 "
775,Mike Davis\DaviMi01,RB,SEA,"$800,000 "
776,Tom Compton\CompTo00,T,MIN,"$800,000 "
777,D.J. Fluker\FlukDJ00,OT,SEA,"$800,000 "
778,C.J. Anderson\AndeC.00,RB,CAR,"$800,000 "
779,Jarius Wright\WrigJa02,WR,CAR,"$800,000 "
780,Vince Williams\WillVi01,ILB,PIT,"$800,000 "
781,Benny Cunningham\CunnBe01,RB,CHI,"$800,000 "
782,LaAdrian Waddle\WaddLa01,T,NWE,"$800,000 "
783,Shamar Stephen\StepSh00,DT,SEA,"$800,000 "
784,Jaron Brown\BrowJa03,WR,SEA,"$800,000 "
785,Walt Aikens\AikeWa00,CB,MIA,"$800,000 "
786,James Develin\DeveJa00,RB,NWE,"$800,000 "
787,Carson Tinker\TinkCa00,LS,JAX,"$800,000 "
788,Jonathan Bostic\BostJo00,LB,PIT,"$800,000 "
789,Dustin Hopkins\HopkDu00,K,WAS,"$798,928 "
790,Tevin Coleman\ColeTe01,RB,ATL,"$791,628 "
791,Brandon Dunn\DunnBr00,DT,HOU,"$790,000 "
792,Kayvon Webster\WebsKa00,CB,HOU,"$790,000 "
793,Benson Mayowa\MayoBe00,DE,ARI,"$790,000 "
794,Josh Gordon\GordJo02,WR,2TM,"$790,000 "
795,Ryan Hewitt\HewiRy00,FB,IND,"$790,000 "
796,Kevin McDermott\McDeKe00,LS,MIN,"$790,000 "
797,Ben Jacobs\JacoBe00,LB,CAR,"$790,000 "
798,Geno Smith\SmitGe00,QB,LAC,"$790,000 "
799,Robert Woods\WoodRo02,WR,LAR,"$790,000 "
800,LaRoy Reynolds\ReynLa00,LB,PHI,"$790,000 "
801,Christine Michael\MichCh00,RB,IND,"$790,000 "
802,Taiwan Jones\JoneTa00,RB,BUF,"$790,000 "
803,Korey Toomer\ToomKo00,ILB,GNB,"$790,000 "
804,Aaron Brewer\BrewAa00,LS,ARI,"$790,000 "
805,Brian Schwenke\SchwBr00,C,NWE,"$790,000 "
806,Emmanuel Lamur\LamuEm00,LB,OAK,"$790,000 "
807,Najee Goode\GoodNa00,ILB,IND,"$790,000 "
808,Nat Berhe\BerhNa00,SS,PIT,"$790,000 "
809,Albert Wilson\WilsAl02,WR,MIA,"$790,000 "
810,Vance McDonald\McDoVa00,TE,PIT,"$790,000 "
811,Steven Means\MeanSt00,DE,ATL,"$790,000 "
812,John Jenkins\JenkJo00,DT,NYG,"$790,000 "
813,Luke Kuechly\KuecLu00,ILB,CAR,"$790,000 "
814,Johnny Hekker\HekkJo00,P,LAR,"$790,000 "
815,Randy Bullock\BullRa00,K,CIN,"$790,000 "
816,Datone Jones\JoneDa03,DE,DAL,"$790,000 "
817,J'Marcus Webb\WebbJM20,T,IND,"$790,000 "
818,Amini Silatolu\SilaAm00,T,CAR,"$790,000 "
819,Tony Bergstrom\BergTo00,OT,WAS,"$790,000 "
820,Daniel McCullers\McCuDa00,DT,PIT,"$790,000 "
821,Brandon Bolden\BoldBr00,RB,MIA,"$790,000 "
822,Phillip Gaines\GainPh00,CB,BUF,"$790,000 "
823,Damien Williams\WillDa05,RB,KAN,"$790,000 "
824,Stevan Ridley\RidlSt00,RB,PIT,"$790,000 "
825,Josh Bynes\ByneJo00,LB,ARI,"$790,000 "
826,Logan Thomas\ThomLo00,QB/TE,BUF,"$790,000 "
827,Stephon Tuitt\TuitSt00,DT,PIT,"$790,000 "
828,Brandon Brooks\BrooBr00,G,PHI,"$790,000 "
829,Derrick Coleman\ColeDe00,RB,ARI,"$790,000 "
830,Keith Smith\SmitKe03,LB,OAK,"$790,000 "
831,B.W. Webb\WebbBW00,CB,NYG,"$790,000 "
832,Tyler Shatley\ShatTy00,OG,JAX,"$790,000 "
833,Josh Mauro\MaurJo00,DE,NYG,"$790,000 "
834,Bene Benwikere\BenwBe00,CB,ARI,"$790,000 "
835,Marquis Flowers\FlowMa00,OLB,DET,"$790,000 "
836,De'Anthony Thomas\ThomDe05,RB,KAN,"$790,000 "
837,Sammy Watkins\WatkSa00,WR,KAN,"$790,000 "
838,Jarvis Jenkins\JenkJa01,DL,KAN,"$790,000 "
839,Jeremiah Attaochu\AttaJe00,OLB,NYJ,"$790,000 "
840,Andrew DePaola\DePaAn00,LS,OAK,"$790,000 "
841,Jordan Devey\DeveJo00,T,KAN,"$790,000 "
842,Gerald Hodges\HodgGe00,OLB,ARI,"$790,000 "
843,Lane Johnson\JohnLa01,OT,PHI,"$790,000 "
844,Kyle Wilber\WilbKy00,OLB,OAK,"$790,000 "
845,Alfred Blue\BlueAl00,RB,HOU,"$790,000 "
846,Blidi Wreh-Wilson\WrehBl00,CB,ATL,"$790,000 "
847,Mike Gillislee\GillMi00,RB,NOR,"$790,000 "
848,Nathan Stupar\StupNa01,OLB,NYG,"$790,000 "
849,Kemal Ishmael\IshmKe00,DB,ATL,"$790,000 "
850,Josh LeRibeus\LeRiJo00,G,NOR,"$790,000 "
851,David DeCastro\DeCaDa00,G,PIT,"$790,000 "
852,Deonte Thompson\ThomDe04,WR,DAL,"$790,000 "
853,Earl Watford\WatfEa00,OG,CLE,"$790,000 "
854,Tommy Bohanon\BohaTo00,FB,JAX,"$790,000 "
855,Zach Ertz\ErtzZa00,TE,PHI,"$790,000 "
856,Ryan Tannehill\TannRy00,QB,MIA,"$790,000 "
857,Greg Robinson\RobiGr01,OT,CLE,"$790,000 "
858,Anthony Hitchens\HitcAn00,OLB,KAN,"$790,000 "
859,Austin Seferian-Jenkins\SefeAu00,TE,JAX,"$790,000 "
860,George Iloka\IlokGe00,FS,MIN,"$790,000 "
861,Orson Charles\CharOr00,TE,CLE,"$790,000 "
862,Brock Osweiler\OsweBr00,QB,MIA,"$790,000 "
863,Justin Hunter\HuntJu00,WR,PIT,"$790,000 "
864,Alfred Morris\MorrAl00,RB,SFO,"$790,000 "
865,Tyler Boyd\BoydTy00,WR,CIN,"$787,179 "
866,Kevin King\KingKe01,CB,GNB,"$786,858 "
867,Kevin Byard\ByarKe01,S,TEN,"$784,566 "
868,Cam Robinson\RobiCa00,OT,JAX,"$784,007 "
869,Randy Gregory\GregRa00,DE,DAL,"$781,813 "
870,Donnie Jones\JoneDo21,P,LAC,"$776,176 "
871,Budda Baker\BakeBu00,FS,ARI,"$775,455 "
872,Brandon King\KingBr02,DB,NWE,"$775,000 "
873,Zay Jones\JoneZa00,WR,BUF,"$773,174 "
874,Carl Nassib\NassCa00,DE,TAM,"$773,000 "
875,Reuben Foster\FostRe00,ILB,SFO,"$772,684 "
876,Marcus Maye\MayeMa00,FS,NYJ,"$762,911 "
877,Curtis Samuel\SamuCu00,WR,CAR,"$758,349 "
878,Maliek Collins\CollMa00,DT,DAL,"$755,000 "
879,Dalvin Cook\CookDa01,RB,MIN,"$753,788 "
880,Bruce Carter\CartBr00,LB,ATL,"$753,529 "
881,Quinton Dunbar\DunbQu00,WR,WAS,"$750,000 "
882,Marcus Williams\WillMa06,FS,NOR,"$748,656 "
883,Marcus Williams\WillMa03,CB,TAM,"$748,656 "
884,Sidney Jones\JoneSi00,CB,PHI,"$744,095 "
885,Shamarko Thomas\ThomSh00,SS,DEN,"$743,536 "
886,Kamar Aiken\AikeKa00,WR,PHI,"$743,529 "
887,Keith Tandy\TandKe00,S,ATL,"$743,529 "
888,Terence Garvin\GarvTe00,LB,SFO,"$743,529 "
889,Corey Nelson\NelsCo00,OLB,ATL,"$743,529 "
890,Mychal Kendricks\KendMy00,ILB,SEA,"$743,529 "
891,Travis Swanson\SwanTr00,C,MIA,"$743,529 "
892,Brian Quick\QuicBr00,WR,WAS,"$743,529 "
893,Kenjon Barner\BarnKe00,RB,NWE,"$743,529 "
894,Will Clarke\ClarWi00,DE,TAM,"$743,529 "
895,Gerald Everett\EverGe00,TE,LAR,"$739,749 "
896,Yannick Ngakoue\NgakYa00,OLB,JAX,"$735,101 "
897,Jacoby Brissett\BrisJa00,QB,IND,"$735,076 "
898,P.J. Williams\WillP.00,CB,NOR,"$730,000 "
899,Bruce Ellington\ElliBr00,WR,HOU,"$730,000 "
900,Quincy Wilson\WilsQu01,CB,IND,"$727,103 "
901,Carl Davis\DaviCa01,DT,CLE,"$720,750 "
902,James Winchester\WincJa00,LS,KAN,"$720,000 "
903,Tyus Bowser\BowsTy00,OLB,BAL,"$718,437 "
904,Cyrus Jones\JoneCy00,CB,NWE,"$718,235 "
905,Jonathan Bullard\BullJo00,DE,CHI,"$718,000 "
906,Ty Montgomery\MontTy01,WR/RB,GNB,"$716,500 "
907,Joe Mixon\MixoJo00,RB,CIN,"$712,735 "
908,Denzelle Good\GoodDe01,OT,IND,"$711,880 "
909,Ryan Anderson\AndeRy00,OLB,WAS,"$707,033 "
910,Troy Hill\HillTr01,CB,LAR,"$705,000 "
911,Ibraheim Campbell\CampIb00,SS,DAL,"$705,000 "
912,Mark Nzeocha\NzeoMa00,OLB,SFO,"$705,000 "
913,Cameron Artis-Payne\ArtiCa00,RB,CAR,"$705,000 "
914,Vic Beasley\BeasVi00,OLB,ATL,"$705,000 "
915,Brian Peters\PeteBr00,LB,HOU,"$705,000 "
916,Ramik Wilson\WilsRa00,ILB,LAR,"$705,000 "
917,Nick Dzubnar\DzubNi00,LB,LAC,"$705,000 "
918,Antone Exum\ExumAn00,CB,SFO,"$705,000 "
919,Darryl Roberts\RobeDa00,CB,NYJ,"$705,000 "
920,Christian Covington\CoviCh00,DT,HOU,"$705,000 "
921,Neville Hewitt\HewiNe00,LB,NYJ,"$705,000 "
922,Corey Robinson\RobiCo00,OT,CAR,"$705,000 "
923,Matt Longacre\LongMa00,DE,LAR,"$705,000 "
924,Marcus Mariota\MariMa01,QB,TEN,"$705,000 "
925,Sammie Coates\CoatSa00,WR,HOU,"$705,000 "
926,D.J. Alexander\AlexD.00,OLB,PHI,"$705,000 "
927,Darius Philon\PhilDa01,DT,LAC,"$705,000 "
928,Craig Mager\MageCr00,CB,LAC,"$705,000 "
929,Brandon Scherff\ScheBr00,G,WAS,"$705,000 "
930,Anthony Harris\HarrAn01,DB,MIN,"$705,000 "
931,Tyler Patmon\PatmTy00,CB,JAX,"$705,000 "
932,Kendall Lamm\LammKe00,T,HOU,"$705,000 "
933,Daniel Brown\BrowDa04,WR,CHI,"$705,000 "
934,Jeff Heuerman\HeueJe00,TE,DEN,"$705,000 "
935,Josh Walker\WalkJo00,G,JAX,"$705,000 "
936,Xavier Williams\WillXa00,DT,KAN,"$705,000 "
937,Josh Wells\WellJo02,T,JAX,"$705,000 "
938,Nick Boyle\BoylNi00,TE,BAL,"$705,000 "
939,Justin Hardy\HardJu00,WR,ATL,"$705,000 "
940,C.J. Uzomah\UzomC.00,TE,CIN,"$705,000 "
941,Alejandro Villanueva\VillAl00,OL,PIT,"$705,000 "
942,Jon Feliciano\FeliJo00,OG,OAK,"$705,000 "
943,A.J. Derby\DerbA.00,TE,MIA,"$705,000 "
944,Leterrius Walton\WaltLe00,DT,PIT,"$705,000 "
945,Jacquies Smith\SmitJa01,DE,ARI,"$705,000 "
946,Geremy Davis\DaviGe00,WR,LAC,"$705,000 "
947,L.J. Fort\FortL.00,LB,PIT,"$705,000 "
948,Geneo Grissom\GrisGe00,OLB,NWE,"$705,000 "
949,Chris Boswell\BoswCh00,K,PIT,"$705,000 "
950,Josh Lambo\LambJo00,K,JAX,"$705,000 "
951,Greg Van Roten\VanRGr00,G,CAR,"$705,000 "
952,Jason Myers\MyerJa00,K,NYJ,"$705,000 "
953,Michael Burton\BurtMi00,FB,CHI,"$705,000 "
954,Rod Smith\SmitRo06,RB,DAL,"$705,000 "
955,Isaiah Johnson\JohnIs01,DB,LAR,"$705,000 "
956,Charley Hughlett\HughCh01,LS,CLE,"$705,000 "
957,Clayton Geathers\GeatCl00,SS,IND,"$705,000 "
958,Raheem Mostert\MostRa00,RB,SFO,"$705,000 "
959,Zach Vigil\VigiZa00,ILB,WAS,"$705,000 "
960,Bobby McCain\McCaBo01,CB,MIA,"$705,000 "
961,Nicholas Williams\WillNi01,DT,CHI,"$705,000 "
962,Scott Simonson\SimoSc00,TE,NYG,"$705,000 "
963,Lorenzo Doss\DossLo00,CB,CAR,"$705,000 "
964,Bryce Hager\HageBr00,ILB,LAR,"$705,000 "
965,Zach Moore\MoorZa00,DE,ARI,"$705,000 "
966,Bobby Hart\HartBo00,OG,CIN,"$705,000 "
967,Kenyan Drake\DrakKe00,RB,MIA,"$705,000 "
968,Freddie Martino\MartFr00,WR,TAM,"$705,000 "
969,Damien Wilson\WilsDa02,ILB,DAL,"$705,000 "
970,Javorius Allen\AlleJa01,RB,BAL,"$705,000 "
971,Bradley Pinion\PiniBr00,P,SFO,"$705,000 "
972,James O'Shaughnessy\O'ShJa00,TE,JAX,"$705,000 "
973,Rodney Gunter\GuntRo00,DT,ARI,"$705,000 "
974,Cameron Lynch\LyncCa00,LB,TAM,"$705,000 "
975,David Mayo\MayoDa00,ILB,CAR,"$705,000 "
976,Joe Cardona\CardJo00,LS,NWE,"$705,000 "
977,Dominique Easley\EaslDo00,DT,LAR,"$705,000 "
978,Shelby Harris\HarrSh00,DE,DEN,"$705,000 "
979,Geoff Swaim\SwaiGe00,TE,DAL,"$705,000 "
980,Khari Lee\LeexKh00,TE,BUF,"$705,000 "
981,Jerel Worthy\WortJe00,DT,TAM,"$705,000 "
982,Justin Evans\EvanJu00,SS,TAM,"$701,332 "
983,Amari Cooper\CoopAm00,WR,OAK,"$700,000 "
984,Josh Robinson\RobiJo01,CB,NOR,"$699,706 "
985,Rod Streater\StreRo00,WR,CLE,"$697,065 "
986,Nick Williams\WillNi02,WR,TEN,"$697,065 "
987,Aldrick Robinson\RobiAl00,WR,MIN,"$697,059 "
988,Jordan Matthews\MattJo00,WR,PHI,"$697,059 "
989,DeShawn Shead\SheaDe00,DB,DET,"$697,059 "
990,Jay Bromley\BromJa00,DT,NOR,"$697,059 "
991,Michael Floyd\FloyMi00,WR,WAS,"$697,059 "
992,Javon Hargrave\HargJa00,DT,PIT,"$691,000 "
993,DeShone Kizer\KizeDe00,QB,GNB,"$689,928 "
994,Teez Tabor\TaboTe00,CB,DET,"$684,226 "
995,Raekwon McMillan\McMiRa02,ILB,MIA,"$678,524 "
996,Dalvin Tomlinson\TomlDa00,DT,NYG,"$672,823 "
997,Zach Cunningham\CunnZa00,OLB,HOU,"$668,261 "
998,Ethan Pocic\PociEt00,C,SEA,"$665,410 "
999,Isaac Seumalo\SeumIs00,OG,PHI,"$664,000 "
1000,Nate Orchard\OrchNa00,OLB,BUF,"$663,529 "
1001,Martavis Bryant\BryaMa00,WR,OAK,"$663,529 "
1002,C.J. Prosise\ProsC.00,RB,SEA,"$660,000 "
1003,Chidobe Awuzie\AwuzCh00,CB,DAL,"$659,709 "
1004,Josh Jones\JoneJo06,S,GNB,"$657,428 "
1005,Brandon Williams\WillBr07,CB,ARI,"$656,000 "
1006,JuJu Smith-Schuster\SmitJu00,WR,PIT,"$655,717 "
1007,Dion Dawkins\DawkDi00,OG,BUF,"$655,147 "
1008,Taylor Moton\MotoTa00,OT,CAR,"$654,007 "
1009,Le'Raven Clark\ClarLe01,OT,IND,"$653,000 "
1010,Nick Vannett\VannNi00,TE,SEA,"$652,000 "
1011,Caraun Reid\ReidCa00,DT,DAL,"$650,594 "
1012,John Simon\SimoJo01,DE,NWE,"$650,588 "
1013,Jeremiah Sirles\SirlJe00,OT,BUF,"$650,588 "
1014,Graham Glasgow\GlasGr00,OG,DET,"$648,500 "
1015,Kyler Fackrell\FackKy00,OLB,GNB,"$648,000 "
1016,Kendall Fuller\FullKe00,CB,KAN,"$647,500 "
1017,Larry Ogunjobi\OgunLa00,DT,CLE,"$642,500 "
1018,Cooper Kupp\KuppCo00,WR,LAR,"$640,000 "
1019,Ahkello Witherspoon\WithAh00,CB,SFO,"$638,325 "
1020,Pat Elflein\ElflPa00,C,MIN,"$637,000 "
1021,Tanoh Kpassagnon\KpasTa00,DE,KAN,"$636,419 "
1022,Dan Feeney\FeenDa00,OG,LAC,"$634,000 "
1023,Olsen Pierre\PierOl00,DT,ARI,"$630,000 "
1024,Quinton Jefferson\JeffQu00,DT,SEA,"$630,000 "
1025,Darius Kilgo\KilgDa01,DT,TEN,"$630,000 "
1026,Kamu Grugier-Hill\GrugKa00,OLB,PHI,"$630,000 "
1027,Austin Hooper\HoopAu00,TE,ATL,"$630,000 "
1028,Jalen Mills\MillJa02,CB,PHI,"$630,000 "
1029,Kentrell Brice\BricKe00,S,GNB,"$630,000 "
1030,Alex Erickson\EricAl01,WR,CIN,"$630,000 "
1031,Brandon Shell\ShelBr00,OT,NYJ,"$630,000 "
1032,Justin Simmons\SimmJu00,FS,DEN,"$630,000 "
1033,Seth Devalve\DevaSe00,TE,CLE,"$630,000 "
1034,Demarcus Robinson\RobiDe01,WR,KAN,"$630,000 "
1035,Tanner McEvoy\McEvTa01,WR,MIA,"$630,000 "
1036,Joe Thuney\ThunJo00,OG,NWE,"$630,000 "
1037,Christian Westerman\WestCh02,OG,CIN,"$630,000 "
1038,Patrick Scales\ScalPa00,LS,CHI,"$630,000 "
1039,Patrick Onwuasor\OnwuPa00,LB,BAL,"$630,000 "
1040,Joe Dahl\DahlJo00,OG,DET,"$630,000 "
1041,D.J. Reader\ReadD.00,DT,HOU,"$630,000 "
1042,Will Parks\ParkWi01,S,DEN,"$630,000 "
1043,Destiny Vaeao\VaeaDe01,DT,PHI,"$630,000 "
1044,LeShaun Sims\SimsLe00,CB,TEN,"$630,000 "
1045,Tyler Higbee\HigbTy00,TE,LAR,"$630,000 "
1046,Ronald Blair\BlaiRo00,DE,SFO,"$630,000 "
1047,Jared Norris\NorrJa00,ILB,CAR,"$630,000 "
1048,Nicholas Grigsby\GrigNi01,LB,NWE,"$630,000 "
1049,Cody Core\CoreCo00,WR,CIN,"$630,000 "
1050,Dean Lowry\LowrDe00,DE,GNB,"$630,000 "
1051,Eric Tomlinson\TomlEr01,TE,NYJ,"$630,000 "
1052,Joe Schobert\SchoJo00,OLB,CLE,"$630,000 "
1053,Anthony Zettel\ZettAn00,DE,CLE,"$630,000 "
1054,Blake Martinez\MartBl01,ILB,GNB,"$630,000 "
1055,Joey Hunt\HuntJo00,C,SEA,"$630,000 "
1056,Kentrell Brothers\BrotKe00,ILB,MIN,"$630,000 "
1057,Denzel Rice\RiceDe00,DB,CLE,"$630,000 "
1058,Sheldon Day\DayxSh00,DT,SFO,"$630,000 "
1059,Drew Kaser\KaseDr00,P,LAC,"$630,000 "
1060,Deon Bush\BushDe00,FS,CHI,"$630,000 "
1061,Michael Pierce\PierMi00,DT,BAL,"$630,000 "
1062,Briean Boddy-Calhoun\BoddBr01,DB,CLE,"$630,000 "
1063,Chester Rogers\RogeCh02,WR,IND,"$630,000 "
1064,De'Vondre Campbell\CampDe00,OLB,ATL,"$630,000 "
1065,Robby Anderson\AndeRo04,WR,NYJ,"$630,000 "
1066,Corey Moore\MoorCo00,S,IND,"$630,000 "
1067,Marqui Christian\ChriMa00,SS,LAR,"$630,000 "
1068,Kaelin Clay\ClayKa00,WR,NYG,"$630,000 "
1069,Matthias Farley\FarlMa00,DB,IND,"$630,000 "
1070,Garrison Smith\SmitGa01,DT,ARI,"$630,000 "
1071,Ryan Smith\SmitRy00,CB,TAM,"$630,000 "
1072,Spencer Pulley\PullSp00,C,NYG,"$630,000 "
1073,Carson Wentz\WentCa00,QB,PHI,"$630,000 "
1074,Maurice Harris\HarrMa05,WR,WAS,"$630,000 "
1075,Curtis Riley\RileCu00,CB,NYG,"$630,000 "
1076,Matt Judon\JudoMa00,DE,BAL,"$630,000 "
1077,Damiere Byrd\ByrdDa00,WR,CAR,"$630,000 "
1078,John Wetzel\WetzJo00,T,ARI,"$630,000 "
1079,Chris Reed\ReedCh00,G,JAX,"$630,000 "
1080,Javien Elliott\ElliJa01,CB,TAM,"$630,000 "
1081,David Morgan\MorgDa01,TE,MIN,"$630,000 "
1082,Matthew Ioannidis\IoanMa01,DT,WAS,"$630,000 "
1083,Marcus Murphy\MurpMa03,RB,BUF,"$630,000 "
1084,Willie Henry\HenrWi00,DT,BAL,"$630,000 "
1085,Trevor Williams\WillTr05,CB,LAC,"$630,000 "
1086,Ted Karras\KarrTe00,OG,NWE,"$630,000 "
1087,Rashod Hill\HillRa01,T,MIN,"$630,000 "
1088,Wil Lutz\LutzWi00,K,NOR,"$630,000 "
1089,Antonio Hamilton\HamiAn01,CB,NYG,"$630,000 "
1090,Lac Edwards\EdwaLa01,P,NYJ,"$630,000 "
1091,Chris Moore\MoorCh00,WR,BAL,"$630,000 "
1092,Jonathan Jones\JoneJo03,DB,NWE,"$630,000 "
1093,George Fant\FantGe00,T,SEA,"$630,000 "
1094,Mike Jordan\JordMi00,DB,NYG,"$630,000 "
1095,Jarrod Wilson\WilsJa00,S,JAX,"$630,000 "
1096,Robert Kelley\KellRo00,RB,WAS,"$630,000 "
1097,Lafayette Pitts\PittLa00,CB,BUF,"$630,000 "
1098,Justin March-Lillard\MarcJu00,LB,DAL,"$630,000 "
1099,Tyler Ervin\ErviTy00,RB,HOU,"$630,000 "
1100,Jatavis Brown\BrowJa05,OLB,LAC,"$630,000 "
1101,Andy Janovich\JanoAn00,FB,DEN,"$630,000 "
1102,Rick Lovato\LovaRi00,LS,PHI,"$630,000 "
1103,Darius Jennings\JennDa00,WR,TEN,"$630,000 "
1104,Ken Crawley\CrawKe02,DB,NOR,"$630,000 "
1105,Tre Madden\MaddTr01,RB,SEA,"$630,000 "
1106,Jordan Howard\HowaJo00,RB,CHI,"$630,000 "
1107,Leonard Wester\WestLe00,T,TAM,"$630,000 "
1108,Jonathan Williams\WillJo07,RB,NOR,"$630,000 "
1109,B.J. Finney\FinnB.01,C,PIT,"$630,000 "
1110,Austin Blythe\BlytAu00,C,LAR,"$630,000 "
1111,Dak Prescott\PresDa01,QB,DAL,"$630,000 "
1112,Doug Middleton\MiddDo01,S,NYJ,"$630,000 "
1113,Romeo Okwara\OkwaRo01,DE,DET,"$630,000 "
1114,Michael Palardy\PalaMi00,P,CAR,"$630,000 "
1115,Senorise Perry\PerrSe00,RB,MIA,"$630,000 "
1116,Wendell Smallwood\SmalWe00,RB,PHI,"$630,000 "
1117,Riley Dixon\DixoRi00,P,NYG,"$630,000 "
1118,Maurice Canady\CanaMa00,CB,BAL,"$630,000 "
1119,Derrick Kindred\KindDe00,SS,CLE,"$630,000 "
1120,Casey Kreiter\KreiCa00,LS,DEN,"$630,000 "
1121,Peyton Barber\BarbPe01,RB,TAM,"$630,000 "
1122,Joel Heath\HeatJo00,DT,HOU,"$630,000 "
1123,Clayton Fejedelem\FejeCl00,FS,CIN,"$630,000 "
1124,Andrew Billings\BillAn00,DT,CIN,"$630,000 "
1125,Connor McGovern\McGoCo00,OG,DEN,"$630,000 "
1126,David Fluellen\FlueDa00,RB,TEN,"$630,000 "
1127,Geronimo Allison\AlliGe01,WR,GNB,"$630,000 "
1128,Derek Watt\WattDe00,FB,LAC,"$630,000 "
1129,Devontae Booker\BookDe00,RB,DEN,"$630,000 "
1130,Terrance Smith\SmitTe04,LB,KAN,"$630,000 "
1131,Brennan Scarlett\ScarBr00,LB,HOU,"$630,000 "
1132,Tavon Young\YounTa01,CB,BAL,"$630,000 "
1133,Nick Kwiatkoski\KwiaNi00,ILB,CHI,"$630,000 "
1134,David Parry\ParrDa00,NT,MIN,"$630,000 "
1135,Luke Rhodes\RhodLu00,LB,IND,"$630,000 "
1136,Malcolm Brown\BrowMa03,RB,LAR,"$630,000 "
1137,Caleb Benenoch\BeneCa00,OT,TAM,"$630,000 "
1138,Taywan Taylor\TaylTa00,WR,TEN,"$630,000 "
1139,Tommylee Lewis\LewiTo00,WR,NOR,"$630,000 "
1140,Cory Littleton\LittCo01,LB,LAR,"$630,000 "
1141,Xavier Grimble\GrimXa00,TE,PIT,"$630,000 "
1142,Blake Countess\CounBl00,CB,LAR,"$630,000 "
1143,Jordan Lucas\LucaJo00,SS,KAN,"$630,000 "
1144,Gabe Holmes\HolmGa00,TE,ARI,"$630,000 "
1145,Stephen Weatherly\WeatSt00,OLB,MIN,"$630,000 "
1146,Ben Braunecker\BrauBe00,TE,CHI,"$630,000 "
1147,Tyler Ott\OttxTy00,LS,SEA,"$630,000 "
1148,Tajae Sharpe\SharTa00,WR,TEN,"$630,000 "
1149,Antonio Morrison\MorrAn01,ILB,GNB,"$630,000 "
1150,B.J. Goodson\GoodB.00,OLB,NYG,"$630,000 "
1151,Jayron Kearse\KearJa00,SS,MIN,"$630,000 "
1152,Tyreek Hill\HillTy00,WR,KAN,"$630,000 "
1153,Kenneth Dixon\DixoKe00,RB,BAL,"$630,000 "
1154,Kameron Canaday\CanaKa00,LS,PIT,"$630,000 "
1155,Miles Killebrew\KillMi00,SS,DET,"$630,000 "
1156,Chris Manhertz\ManhCh00,TE,CAR,"$630,000 "
1157,Wes Schweitzer\SchwWe00,OT,ATL,"$630,000 "
1158,Erik Harris\HarrEr00,DB,OAK,"$630,000 "
1159,Charone Peake\PeakCh00,WR,NYJ,"$630,000 "
1160,Nick Vigil\VigiNi00,ILB,CIN,"$630,000 "
1161,Hassan Ridgeway\RidgHa00,DT,IND,"$630,000 "
1162,DeForest Buckner\BuckDe00,DE,SFO,"$630,000 "
1163,Alex Collins\CollAl00,RB,BAL,"$630,000 "
1164,Alex Lewis\LewiAl01,OT,BAL,"$630,000 "
1165,Aaron Wallace\WallAa00,OLB,TEN,"$630,000 "
1166,Brian Poole\PoolBr01,S,ATL,"$630,000 "
1167,Kavon Frazier\FrazKa00,FS,DAL,"$630,000 "
1168,Joe Haeg\HaegJo00,OT,IND,"$630,000 "
1169,DeAndre Houston-Carson\HousDe00,FS,CHI,"$630,000 "
1170,Christopher Milton\MiltCh00,CB,IND,"$630,000 "
1171,David Onyemata\OnyeDa00,DT,NOR,"$630,000 "
1172,Tyler Larsen\LarsTy00,C,CAR,"$630,000 "
1173,Halapoulivaati Vaitai\VaitHa00,OT,PHI,"$630,000 "
1174,Tyler Matakevich\MataTy00,ILB,PIT,"$630,000 "
1175,Jeremy Vujnovich\VujnJe00,T,ARI,"$630,000 "
1176,Rashard Higgins\HiggRa00,WR,CLE,"$630,000 "
1177,Mike Thomas\ThomMi04,WR,LAR,"$630,000 "
1178,Alan Cross\CrosAl00,TE,TAM,"$630,000 "
1179,Anthony Brown\BrowAn02,CB,DAL,"$630,000 "
1180,Jalen Richard\RichJa01,RB,OAK,"$630,000 "
1181,Eric Murray\MurrEr00,CB,KAN,"$630,000 "
1182,Elandon Roberts\RobeEl00,ILB,NWE,"$630,000 "
1183,Juston Burris\BurrJu00,CB,NYJ,"$630,000 "
1184,Jakeem Grant\GranJa00,WR,MIA,"$630,000 "
1185,Jordan Willis\WillJo09,DE,CIN,"$628,000 "
1186,Chris Wormley\WormCh00,DT,BAL,"$626,000 "
1187,C.J. Beathard\BeatC.00,QB,SFO,"$625,393 "
1188,Thomas Rawls\RawlTh00,RB,CIN,"$622,065 "
1189,Nick O'Leary\OLeaNi00,TE,MIA,"$617,123 "
1190,Duke Riley\RileDu00,OLB,ATL,"$616,500 "
1191,Alex Anzalone\AnzaAl00,OLB,NOR,"$610,000 "
1192,Maurice Alexander\AlexMa00,SS,SEA,"$604,118 "
1193,Cairo Santos\SantCa01,K,LAR,"$604,118 "
1194,Tim Williams\WillTi00,OLB,BAL,"$595,000 "
1195,Deiondre' Hall\HallDe02,CB,PHI,"$592,944 "
1196,Jihad Ward\WardJi02,DE,IND,"$592,941 "
1197,Robert Thomas\ThomRo04,NT,BUF,"$592,941 "
1198,MyCole Pruitt\PruiMy00,TE,TEN,"$592,941 "
1199,Tarell Basham\BashTa00,DE,IND,"$590,000 "
1200,Delano Hill\HillDe02,FS,SEA,"$588,000 "
1201,Shaquill Griffin\GrifSh00,DB,SEA,"$588,000 "
1202,Fabian Moreau\MoreFa00,CB,WAS,"$588,000 "
1203,Cameron Sutton\SuttCa00,CB,PIT,"$587,400 "
1204,Kenny Golladay\GollKe00,WR,DET,"$586,000 "
1205,John Johnson\JohnJo10,S,LAR,"$584,000 "
1206,Cordrea Tankersley\TankCo00,CB,MIA,"$583,000 "
1207,Chris Godwin\GodwCh00,WR,TAM,"$581,500 "
1208,Chad Williams\WillCh05,WR,ARI,"$581,500 "
1209,Montravius Adams\AdamMo00,DT,GNB,"$581,000 "
1210,Martrell Spaight\SpaiMa00,OLB,MIA,"$580,588 "
1211,Jameis Winston\WinsJa00,QB,TAM,"$580,588 "
1212,Rasul Douglas\DougRa00,CB,PHI,"$580,000 "
1213,Jonnu Smith\SmitJo01,TE,TEN,"$579,000 "
1214,James Conner\ConnJa00,RB,PIT,"$578,000 "
1215,Nazair Jones\JoneNa00,DT,SEA,"$578,000 "
1216,Trey Hendrickson\HendTr00,DE,NOR,"$578,000 "
1217,Kareem Hunt\HuntKa00,RB,KAN,"$575,250 "
1218,Josh Hawkins\HawkJo00,CB,CAR,"$555,882 "
1219,Brandon Wilson\WilsBr01,CB,CIN,"$555,000 "
1220,Aldrick Rosas\RosaAl00,K,NYG,"$555,000 "
1221,Tashawn Bower\BoweTa00,OLB,MIN,"$555,000 "
1222,C.J. Ham\HamxC.00,RB,MIN,"$555,000 "
1223,Corey Clement\ClemCo00,RB,PHI,"$555,000 "
1224,Donald Payne\PaynDo00,LB,JAX,"$555,000 "
1225,Michael Davis\DaviMi03,,LAC,"$555,000 "
1226,Trevon Coley\ColeTr01,DL,CLE,"$555,000 "
1227,Vince Biegel\BiegVi00,OLB,NOR,"$555,000 "
1228,Shane Smith\SmitSh02,FB,NYG,"$555,000 "
1229,Desmond King\KingDe01,FS,LAC,"$555,000 "
1230,Wayne Gallman\GallWa00,RB,NYG,"$555,000 "
1231,Mitch Trubisky\TrubMi00,QB,CHI,"$555,000 "
1232,Cole Wick\WickCo00,TE,SFO,"$555,000 "
1233,Grover Stewart\StewGr00,DT,IND,"$555,000 "
1234,Reid Ferguson\FergRe00,LS,BUF,"$555,000 "
1235,Vincent Taylor\TaylVi00,DT,MIA,"$555,000 "
1236,Isaac Rochell\RochIs00,DE,LAC,"$555,000 "
1237,Jacob Hollister\HollJa03,TE,NWE,"$555,000 "
1238,Erik Magnuson\MagnEr00,OT,SFO,"$555,000 "
1239,Chad Wheeler\WheeCh00,OT,NYG,"$555,000 "
1240,Josh Tupou\TupoJo00,DT,CIN,"$555,000 "
1241,Jake Elliott\ElliJa03,K,PHI,"$555,000 "
1242,Matt Wile\WileMa01,P,MIN,"$555,000 "
1243,Lucas Patrick\PatrLu00,G,GNB,"$555,000 "
1244,Joshua Perkins\PerkJo02,TE,PHI,"$555,000 "
1245,Chase Allen\AlleCh02,LB,MIA,"$555,000 "
1246,Taysom Hill\HillTa00,QB,NOR,"$555,000 "
1247,Rigoberto Sanchez\SancRi00,K,IND,"$555,000 "
1248,Chris Carson\CarsCh00,RB,SEA,"$555,000 "
1249,Joseph Jones\JoneJo05,OLB,DEN,"$555,000 "
1250,Jamal Agnew\AgneJa00,CB,DET,"$555,000 "
1251,Corey Levin\LeviCo00,OL,TEN,"$555,000 "
1252,Conor McDermott\McDeCo00,OT,BUF,"$555,000 "
1253,Chase Roullier\RoulCh00,C,WAS,"$555,000 "
1254,Matt Haack\HaacMa00,P,MIA,"$555,000 "
1255,Eric Saubert\SaubEr00,TE,ATL,"$555,000 "
1256,Justin Hardee\HardJu01,WR,NOR,"$555,000 "
1257,Ricky Seals-Jones\SealRi00,WR,ARI,"$555,000 "
1258,Kenny Moore\MoorKe03,CB,IND,"$555,000 "
1259,Nathan Gerry\GerrNa00,SS,PHI,"$555,000 "
1260,Jordan Evans\EvanJo01,ILB,CIN,"$555,000 "
1261,Jayon Brown\BrowJa06,ILB,TEN,"$555,000 "
1262,Al-Quadin Muhammad\MuhaAl00,DE,IND,"$555,000 "
1263,Davon Godchaux\GodcDa00,DT,MIA,"$555,000 "
1264,Elijah Lee\LeexEl00,OLB,SFO,"$555,000 "
1265,Nathan Peterman\PeteNa00,QB,BUF,"$555,000 "
1266,Austin Carr\CarrAu00,WR,NOR,"$555,000 "
1267,Jon Halapio\HalaJo00,OG,NYG,"$555,000 "
1268,Alex Armah\ArmaAl00,FB,CAR,"$555,000 "
1269,Samson Ebukam\EbukSa00,OLB,LAR,"$555,000 "
1270,Matt LaCosse\LaCoMa00,TE,DEN,"$555,000 "
1271,Darrell Daniels\DaniDa02,TE,SEA,"$555,000 "
1272,Tanner Vallejo\VallTa00,ILB,CLE,"$555,000 "
1273,Patrick Ricard\RicaPa00,DE,BAL,"$555,000 "
1274,Dylan Cole\ColeDy00,LB,HOU,"$555,000 "
1275,Jordan Leggett\LeggJo00,TE,NYJ,"$555,000 "
1276,Matt Skura\SkurMa01,C,BAL,"$555,000 "
1277,Charles Washington\WashCh01,DB,DET,"$555,000 "
1278,Deatrich Wise\WiseDe00,DE,NWE,"$555,000 "
1279,Kendrick Bourne\BourKe00,WR,SFO,"$555,000 "
1280,Matt Milano\MilaMa00,OLB,BUF,"$555,000 "
1281,Josh Malone\MaloJo00,WR,CIN,"$555,000 "
1282,Jermaine Whitehead\WhitJe02,DB,GNB,"$555,000 "
1283,Matt Breida\BreiMa00,RB,SFO,"$555,000 "
1284,Stacy Coley\ColeSt00,WR,2TM,"$555,000 "
1285,Roy Robertson-Harris\RobeRo00,LB,CHI,"$555,000 "
1286,Adam Butler\ButlAd00,DT,NWE,"$555,000 "
1287,Dymonte Thomas\ThomDy01,SS,DEN,"$555,000 "
1288,Joshua Dobbs\DobbJo00,QB,PIT,"$555,000 "
1289,Torry McTyer\McTyTo00,CB,MIA,"$555,000 "
1290,Akeem King\KingAk00,DB,SEA,"$555,000 "
1291,Tedric Thompson\ThomTe00,SS,SEA,"$555,000 "
1292,Greg Mabin\MabiGr00,CB,SFO,"$555,000 "
1293,Trey Hopkins\HopkTr01,G,CIN,"$555,000 "
1294,Jaleel Johnson\JohnJa09,DT,MIN,"$555,000 "
1295,Antony Auclair\AuclAn00,TE,TAM,"$555,000 "
1296,Ben Gedeon\GedeBe00,ILB,MIN,"$555,000 "
1297,Zach Sterup\SterZa00,OL,MIA,"$555,000 "
1298,Josh Reynolds\ReynJo00,WR,LAR,"$555,000 "
1299,Kerry Hyder\HydeKe01,DT,DET,"$555,000 "
1300,Darius Jackson\JackDa01,RB,GNB,"$555,000 "
1301,Zach Wood\WoodZa00,DE,NOR,"$555,000 "
1302,Nate Hairston\HairNa00,CB,IND,"$555,000 "
1303,Marcus Johnson\JohnMa07,WR,IND,"$555,000 "
1304,Jeremy Sprinkle\SpriJe00,TE,WAS,"$555,000 "
1305,Deon Lacey\LaceDe00,LB,BUF,"$555,000 "
1306,D.J. Jones\JoneD.01,DT,SFO,"$555,000 "
1307,Josh Harvey-Clemons\HarvJo01,SS,WAS,"$555,000 "
1308,Hakeem Valles\VallHa00,TE,DET,"$555,000 "
1309,Daniel Munyer\MunyDa00,OL,ARI,"$555,000 "
1310,Trent Taylor\TaylTr02,WR,SFO,"$555,000 "
1311,Cole Toner\ToneCo00,OT,LAC,"$555,000 "
1312,Patrick Mahomes\MahoPa00,QB,KAN,"$555,000 "
1313,Jalen Reeves-Maybin\ReevJa00,OLB,DET,"$555,000 "
1314,Blair Brown\BrowBl00,ILB,JAX,"$555,000 "
1315,Nicholas Morrow\MorrNi00,LB,OAK,"$555,000 "
1316,Carl Lawson\LawsCa00,DE,CIN,"$555,000 "
1317,Danny Isidora\IsidDa00,OG,MIN,"$555,000 "
1318,Ka'imi Fairbairn\FairKa01,K,HOU,"$555,000 "
1319,Eric Wilson\WilsEr00,ILB,MIN,"$555,000 "
1320,Harrison Butker\ButkHa00,K,KAN,"$555,000 "
1321,Hardy Nickerson\NickHa02,ILB,CIN,"$555,000 "
1322,Mike Hilton\HiltMi01,CB,PIT,"$555,000 "
1323,Daniel Ross\RossDa02,DT,DAL,"$555,000 "
1324,Tony McRae\McRaTo00,CB,CIN,"$555,000 "
1325,Eddie Yarbrough\YarbEd01,DE,BUF,"$555,000 "
1326,Austin Ekeler\EkelAu00,RB,LAC,"$555,000 "
1327,Rayshawn Jenkins\JenkRa00,FS,LAC,"$555,000 "
1328,Xavier Woods\WoodXa00,SS,DAL,"$555,000 "
1329,Jordan Dangerfield\DangJo00,FS,PIT,"$555,000 "
1330,Alex Redmond\RedmAl01,G,CIN,"$555,000 "
1331,Shelton Gibson\GibsSh00,WR,PHI,"$555,000 "
1332,Jamaal Williams\WillJa06,RB,GNB,"$555,000 "
1333,Adrian Colbert\ColbAd00,SS,SFO,"$555,000 "
1334,Marquel Lee\LeexMa01,ILB,OAK,"$555,000 "
1335,Thomas Hennessy\HennTh00,LS,NYJ,"$555,000 "
1336,Sam Tevi\TeviSa00,OT,LAC,"$555,000 "
1337,Blake Jarwin\JarwBl00,TE,DAL,"$555,000 "
1338,Rudy Ford\FordRu00,S,ARI,"$555,000 "
1339,Jaydon Mickens\MickJa01,WR,JAX,"$555,000 "
1340,George Kittle\KittGe00,TE,SFO,"$555,000 "
1341,Marvin Hall\HallMa02,WR,ATL,"$555,000 "
1342,Cameron Tom\TomxCa00,C,NOR,"$555,000 "
1343,Blaine Clausell\ClauBl01,T,ARI,"$555,000 "
1344,Justin Davis\DaviJu00,RB,LAR,"$555,000 "
1345,Arthur Maulet\MaulAr00,CB,2TM,"$555,000 "
1346,Erik Swoope\SwooEr00,TE,IND,"$555,000 "
1347,Anthony Walker\WalkAn01,LB,IND,"$555,000 "
1348,Michael Roberts\RobeMi01,TE,DET,"$555,000 "
1349,Montae Nicholson\NichMo00,SS,WAS,"$555,000 "
1350,Bryan Cox\CoxxBr01,DE,CAR,"$555,000 "
1351,Solomon Thomas\ThomSo00,DE,SFO,"$555,000 "
1352,Isaiah Johnson\JohnIs00,S,TAM,"$555,000 "
1353,Sean Culkin\CulkSe00,TE,LAC,"$555,000 "
1354,David Moore\MoorDa03,WR,SEA,"$555,000 "
1355,Chris Landrum\LandCh00,LB,LAC,"$555,000 "
1356,Julie'n Davenport\DaveJu00,OT,HOU,"$555,000 "
1357,Ryan Glasgow\GlasRy00,DT,CIN,"$555,000 "
1358,Matt Feiler\FeilMa00,T,PIT,"$555,000 "
1359,Marlon Mack\MackMa00,RB,IND,"$555,000 "
1360,Dede Westbrook\WestDe00,WR,JAX,"$555,000 "
1361,Alex Ellis\ElliAl01,TE,KAN,"$555,000 "
1362,Chuck Clark\ClarCh00,FS,BAL,"$555,000 "
1363,Corey Davis\DaviCo03,WR,TEN,"$555,000 "
1364,Tarik Cohen\CoheTa00,RB,CHI,"$555,000 "
1365,Jamal Adams\AdamJa00,SS,NYJ,"$555,000 "
1366,Derek Rivers\RiveDe00,DE,NWE,"$555,000 "
1367,Eddie Jackson\JackEd01,SS,CHI,"$555,000 "
1368,James Burgess\BurgJa01,LB,CLE,"$555,000 "
1369,Elijah Wilkinson\WilkEl00,OT,DEN,"$555,000 "
1370,Jesse Davis\DaviJe00,T,MIA,"$555,000 "
1371,Isaiah Irving\IrviIs00,OLB,CHI,"$555,000 "
1372,Zane Gonzalez\GonzZa00,K,CLE,"$555,000 "
1373,Keelan Cole\ColeKe00,WR,JAX,"$555,000 "
1374,Ryan Switzer\SwitRy00,WR,PIT,"$555,000 "
1375,Donte Deayon\DeayDo01,DB,NYG,"$555,000 "
1376,Justin McCray\McCrJu00,G,GNB,"$555,000 "
1377,Damontae Kazee\KazeDa00,CB,ATL,"$555,000 "
1378,Michael Bennett\BennMi01,DT,ATL,"$539,118 "
1379,Brian Hill\HillBr02,RB,ATL,"$522,353 "
1380,Tyler Marz\MarzTy01,T,TEN,"$522,353 "
1381,Jehu Chesson\ChesJe00,WR,WAS,"$522,353 "
1382,Lenzy Pipkins\PipkLe00,CB,IND,"$522,353 "
1383,Kenny Ladler\LadlKe00,FS,WAS,"$522,352 "
1384,Dwayne Washington\WashDw00,RB,NOR,"$518,824 "
1385,Sharrod Neasman\NeasSh00,S,ATL,"$518,824 "
1386,Joe Walker\WalkJo01,ILB,ARI,"$489,706 "
1387,Aaron Jones\JoneAa00,RB,GNB,"$489,706 "
1388,Shilique Calhoun\CalhSh00,DE,OAK,"$489,705 "
1389,Daryl Worley\WorlDa00,CB,OAK,"$481,767 "
1390,Ryan Delaire\DelaRy00,DE,SFO,"$481,767 "
1391,Brian Price\PricBr00,DT,2TM,"$481,765 "
1392,Cre'von LeBlanc\LeBlCr01,DB,DET,"$481,765 "
1393,Tyrell Adams\AdamTy00,LB,HOU,"$481,765 "
1394,Deatrick Nichols\NichDe00,CB,ARI,"$480,000 "
1395,Will Dissly\DissWi00,TE,SEA,"$480,000 "
1396,James Washington\WashJa00,WR,PIT,"$480,000 "
1397,Chris Covington\CoviCh01,LB,DAL,"$480,000 "
1398,Tra Carson\CarsTr01,HB,CIN,"$480,000 "
1399,Isaiah Oliver\OlivIs00,CB,ATL,"$480,000 "
1400,Dane Cruikshank\CruiDa00,CB,TEN,"$480,000 "
1401,Johnny Townsend\TownJo01,P,OAK,"$480,000 "
1402,Martinas Rankin\RankMa00,OT,HOU,"$480,000 "
1403,D.J. Moore\MoorD.00,WR,CAR,"$480,000 "
1404,Rico Gathers\GathRi00,TE,DAL,"$480,000 "
1405,Bradley Chubb\ChubBr00,DE,DEN,"$480,000 "
1406,Sam Darnold\DarnSa00,QB,NYJ,"$480,000 "
1407,Zeke Turner\TurnZe00,S,ARI,"$480,000 "
1408,Kalen Ballage\BallKa00,RB,MIA,"$480,000 "
1409,Justin Reid\ReidJu00,FS,HOU,"$480,000 "
1410,Fadol Brown\BrowFa00,DE,OAK,"$480,000 "
1411,Joel Iyiegbuniwe\IyieJo00,LB,CHI,"$480,000 "
1412,Tracy Walker\WalkTr01,S,DET,"$480,000 "
1413,Charvarius Ward\WardCh01,DB,KAN,"$480,000 "
1414,Natrell Jamerson\JameNa00,FS,HOU,"$480,000 "
1415,Marcus Kemp\KempMa00,WR,KAN,"$480,000 "
1416,Ian Thomas\ThomIa00,TE,CAR,"$480,000 "
1417,Nyheim Hines\HineNy00,RB,IND,"$480,000 "
1418,Justin Watson\WatsJu01,WR,TAM,"$480,000 "
1419,Zaire Franklin\FranZa00,LB,IND,"$480,000 "
1420,Trenton Cannon\CannTr00,RB,NYJ,"$480,000 "
1421,Scott Quessenberry\QuesSc00,C,LAC,"$480,000 "
1422,Hunter Bradley\BradHu00,LS,GNB,"$480,000 "
1423,Kenny Young\YounKe03,LB,BAL,"$480,000 "
1424,Emmanuel Ellerbee\ElleEm00,LB,LAC,"$480,000 "
1425,Skai Moore\MoorSk00,OLB,IND,"$480,000 "
1426,Mike Gesicki\GesiMi00,TE,MIA,"$480,000 "
1427,Ronnie Harrison\HarrRo02,SS,JAX,"$480,000 "
1428,Darious Williams\WillDa09,CB,BAL,"$480,000 "
1429,Courtland Sutton\SuttCo00,WR,DEN,"$480,000 "
1430,Dee Virgin\VirgDe00,CB,DET,"$480,000 "
1431,Ray-Ray McCloud\McClRa00,WR,BUF,"$480,000 "
1432,Donte Jackson\JackDo02,CB,CAR,"$480,000 "
1433,Jullian Taylor\TaylJu00,DT,SFO,"$480,000 "
1434,Jaire Alexander\AlexJa00,CB,GNB,"$480,000 "
1435,Darius Phillips\PhilDa02,CB,CIN,"$480,000 "
1436,Michael Dickson\DickMi00,P,SEA,"$480,000 "
1437,Devante Downs\DownDe00,LB,MIN,"$480,000 "
1438,Josey Jewell\JeweJo00,ILB,DEN,"$480,000 "
1439,Tremon Smith\SmitTr04,,KAN,"$480,000 "
1440,Jason Croom\CrooJa00,TE,BUF,"$480,000 "
1441,Taron Johnson\JohnTa01,CB,BUF,"$480,000 "
1442,DJ Chark\CharDJ00,WR,JAX,"$480,000 "
1443,James Daniels\DaniJa01,C,CHI,"$480,000 "
1444,D.J. Reed\ReedD.00,CB,SFO,"$480,000 "
1445,Tim Settle\SettTi00,DT,WAS,"$480,000 "
1446,Justin Lawler\LawlJu00,DE,LAR,"$480,000 "
1447,Leighton Vander Esch\VandLe00,OLB,DAL,"$480,000 "
1448,Christopher Herndon\HernCh00,TE,NYJ,"$480,000 "
1449,Andre Smith\SmitAn04,ILB,CAR,"$480,000 "
1450,Bilal Nichols\NichBi00,DT,CHI,"$480,000 "
1451,Chad Thomas\ThomCh06,DE,CLE,"$480,000 "
1452,Mitchell Loewen\LoewMi00,DE,NOR,"$480,000 "
1453,Shaun Dion Hamilton\DionSh00,LB,WAS,"$480,000 "
1454,Malik Jefferson\JeffMa00,OLB,CIN,"$480,000 "
1455,Uchenna Nwosu\NwosUc00,OLB,LAC,"$480,000 "
1456,Frankie Luvu\LuvuFr00,LB,NYJ,"$480,000 "
1457,Anthony Miller\MillAn02,WR,CHI,"$480,000 "
1458,Andrew Wylie\WyliAn00,T,KAN,"$480,000 "
1459,DaeSean Hamilton\HamiDa01,WR,DEN,"$480,000 "
1460,Dan Arnold\ArnoDa00,WR,NOR,"$480,000 "
1461,Sam Hubbard\HubbSa00,DE,CIN,"$480,000 "
1462,Jordan Whitehead\WhitJo03,SS,TAM,"$480,000 "
1463,Desmond Harrison\HarrDe05,OL,CLE,"$480,000 "
1464,Hayden Hurst\HursHa00,TE,BAL,"$480,000 "
1465,Da'Ron Payne\PaynDa00,DT,WAS,"$480,000 "
1466,Marquis Haynes\HaynMa01,OLB,CAR,"$480,000 "
1467,Baker Mayfield\MayfBa00,QB,CLE,"$480,000 "
1468,Taven Bryan\BryaTa00,DT,JAX,"$480,000 "
1469,Jordan Simmons\SimmJo00,G,SEA,"$480,000 "
1470,Tre Flowers\FlowTr01,SS,SEA,"$480,000 "
1471,Ben Niemann\NiemBe00,LB,KAN,"$480,000 "
1472,Logan Cooke\CookLo00,P,JAX,"$480,000 "
1473,John Franklin-Myers\FranJo02,DE,LAR,"$480,000 "
1474,Ifeadi Odenigbo\OdenIf00,DE,ARI,"$480,000 "
1475,Bradley Bozeman\BozeBr00,C,BAL,"$480,000 "
1476,Michael Gallup\GallMi00,WR,DAL,"$480,000 "
1477,Isaac Yiadom\YiadIs00,CB,DEN,"$480,000 "
1478,Lorenzo Carter\CartLo01,DE,NYG,"$480,000 "
1479,Breeland Speaks\SpeaBr00,DE,KAN,"$480,000 "
1480,Brian O'Neill\ONeiBr00,OT,MIN,"$480,000 "
1481,Mike Hughes\HughMi00,CB,MIN,"$480,000 "
1482,Jack Cichy\CichJa00,ILB,TAM,"$480,000 "
1483,Carlton Davis\DaviCa02,CB,TAM,"$480,000 "
1484,Saquon Barkley\BarkSa00,RB,NYG,"$480,000 "
1485,Mark Walton\WaltMa00,RB,CIN,"$480,000 "
1486,Phillip Lindsay\LindPh00,RB,DEN,"$480,000 "
1487,Matt Dickerson\DickMa00,DE,TEN,"$480,000 "
1488,Javon Wims\WimsJa00,WR,CHI,"$480,000 "
1489,Shaquem Griffin\GrifSh01,OLB,SEA,"$480,000 "
1490,Austin Corbett\CorbAu00,C,CLE,"$480,000 "
1491,Matthew Thomas\ThomMa00,OLB,PIT,"$480,000 "
1492,Tre'Quan Smith\SmitTr03,WR,NOR,"$480,000 "
1493,Christian Kirk\KirkCh01,WR,ARI,"$480,000 "
1494,Dennis Gardeck\GardDe01,LB,ARI,"$480,000 "
1495,Sean Chandler\ChanSe00,FS,NYG,"$480,000 "
1496,Ricky Ortiz\OrtiRi00,FB,ATL,"$480,000 "
1497,Reggie Gilbert\GilbRe01,LB,GNB,"$480,000 "
1498,Trent Sherfield\SherTr00,WR,ARI,"$480,000 "
1499,Josh Sweat\SweaJo00,DE,PHI,"$480,000 "
1500,Josh Jackson\JackJo01,CB,GNB,"$480,000 "
1501,Anthony Firkser\FirkAn00,TE,TEN,"$480,000 "
1502,J.T. Gray\GrayJ.00,DB,NOR,"$480,000 "
1503,Brian Allen\AlleBr02,C,LAR,"$480,000 "
1504,Chris Board\BoarCh00,LB,BAL,"$480,000 "
1505,Arden Key\KeyxAr00,DE,OAK,"$480,000 "
1506,Keke Coutee\CoutKe00,WR,HOU,"$480,000 "
1507,Roc Thomas\ThomRo05,RB,MIN,"$480,000 "
1508,Billy Price\PricBi01,C,CIN,"$480,000 "
1509,Danny Johnson\JohnDa09,CB,WAS,"$480,000 "
1510,Durham Smythe\SmytDu00,TE,MIA,"$480,000 "
1511,Robert Tonyan\TonyRo00,TE,GNB,"$480,000 "
1512,Dalton Schultz\SchuDa00,TE,DAL,"$480,000 "
1513,Taylor Stallworth\StalTa00,DT,NOR,"$480,000 "
1514,Vita Vea\VeaxVi00,DT,TAM,"$480,000 "
1515,Parry Nickerson\NickPa00,CB,NYJ,"$480,000 "
1516,Josh Allen\AlleJo02,QB,BUF,"$480,000 "
1517,Antwaun Woods\WoodAn02,NT,DAL,"$480,000 "
1518,Roquan Smith\SmitRo07,ILB,CHI,"$480,000 "
1519,Dorian O'Daniel\ODanDo00,OLB,KAN,"$480,000 "
1520,Kenneth Durden\DurdKe00,CB,TEN,"$480,000 "
1521,Kolton Miller\MillKo00,OT,OAK,"$480,000 "
1522,Jermaine Carter\CartJe00,LB,CAR,"$480,000 "
1523,Corn Elder\EldeCo00,CB,CAR,"$480,000 "
1524,Kamrin Moore\MoorKa01,CB,NYG,"$480,000 "
1525,Nathan Shepherd\ShepNa00,DT,NYJ,"$480,000 "
1526,Bruce Hector\HectBr00,DT,PHI,"$480,000 "
1527,Jordan Akins\AkinJo00,TE,HOU,"$480,000 "
1528,B.J. Hill\HillB.00,DT,NYG,"$480,000 "
1529,Derrick Nnadi\NnadDe00,DT,KAN,"$480,000 "
1530,Mike Boone\BoonMi00,RB,MIN,"$480,000 "
1531,Royce Freeman\FreeRo00,RB,DEN,"$480,000 "
1532,Kevin Toliver\ToliKe00,DB,CHI,"$480,000 "
1533,Trevon Young\YounTr00,DE,LAR,"$480,000 "
1534,Zach Pascal\PascZa00,WR,IND,"$480,000 "
1535,Orlando Brown\BrowOr00,OT,BAL,"$480,000 "
1536,Matthew Adams\AdamMa00,LB,IND,"$480,000 "
1537,J.C. Jackson\JackJ.00,DB,NWE,"$480,000 "
1538,Jalyn Holmes\HolmJa01,DE,MIN,"$480,000 "
1539,Jaylen Samuels\SamuJa00,TE,PIT,"$480,000 "
1540,P.J. Hall\HallP.00,DT,OAK,"$480,000 "
1541,Tremaine Edmunds\EdmuTr01,ILB,BUF,"$480,000 "
1542,A.J. Moore\MoorA.00,DB,HOU,"$480,000 "
1543,Brandon Zylstra\ZylsBr00,WR,MIN,"$480,000 "
1544,Trevor Daniel\DaniTr00,P,HOU,"$480,000 "
1545,Jerome Baker\BakeJe00,OLB,MIA,"$480,000 "
1546,Jacob Martin\MartJa02,LB,SEA,"$480,000 "
1547,JJ Jones\JoneJJ00,WR,LAC,"$480,000 "
1548,Keionta Davis\DaviKe03,DL,NWE,"$480,000 "
1549,Jessie Bates\BateJe00,FS,CIN,"$480,000 "
1550,Zach Sieler\SielZa00,DE,BAL,"$480,000 "
1551,Mason Cole\ColeMa02,C,ARI,"$480,000 "
1552,Minkah Fitzpatrick\FitzMi00,FS,MIA,"$480,000 "
1553,Derwin James\JameDe00,SS,LAC,"$480,000 "
1554,Raven Greene\GreeRa02,S,GNB,"$480,000 "
1555,Corey Bojorquez\BojoCo00,P,BUF,"$480,000 "
1556,Efe Obada\ObadEf00,LB,CAR,"$480,000 "
1557,Tavierre Thomas\ThomTa01,DB,CLE,"$480,000 "
1558,Mark Andrews\AndrMa00,TE,BAL,"$480,000 "
1559,DeAndre Carter\CartDe02,WR,PHI,"$480,000 "
1560,Foyesade Oluokun\OluoFo00,S,ATL,"$480,000 "
1561,Damion Ratley\RatlDa00,WR,CLE,"$480,000 "
1562,JK Scott\ScotJK00,P,GNB,"$480,000 "
1563,J'Mon Moore\MoorJM00,WR,GNB,"$480,000 "
1564,Harold Landry\LandHa00,OLB,TEN,"$480,000 "
1565,Marcus Davenport\DaveMa00,DE,NOR,"$480,000 "
1566,Connor Williams\WillCo00,OT,DAL,"$480,000 "
1567,Justin Jones\JoneJu03,DT,LAC,"$480,000 "
1568,Tae Davis\DaviTa00,LB,NYG,"$480,000 "
1569,Calvin Ridley\RidlCa00,WR,ATL,"$480,000 "
1570,Shaun Wilson\WilsSh01,RB,TAM,"$480,000 "
1571,Ito Smith\SmitIt00,RB,ATL,"$480,000 "
1572,Jordan Thomas\ThomJo05,TE,HOU,"$480,000 "
1573,Daniel Carlson\CarlDa00,K,MIN,"$480,000 "
1574,James Crawford\CrawJa01,LB,GNB,"$480,000 "
1575,Troy Apke\ApkeTr00,S,WAS,"$480,000 "
1576,Avonte Maddox\MaddAv00,CB,PHI,"$480,000 "
1577,Genard Avery\AverGe00,LB,CLE,"$480,000 "
1578,Deadrin Senat\SenaDe00,DT,ATL,"$480,000 "
1579,M.J. Stewart\StewM.00,CB,TAM,"$480,000 "
1580,Marquez Valdes-Scantling\ValdMa00,WR,GNB,"$480,000 "
1581,Rashaan Evans\EvanRa01,ILB,TEN,"$480,000 "
1582,Ronald Jones\JoneRo01,RB,TAM,"$480,000 "
1583,Rashaad Penny\PennRa00,RB,SEA,"$480,000 "
1584,Sharif Finch\FincSh00,LB,TEN,"$480,000 "
1585,Oren Burks\BurkOr00,ILB,GNB,"$480,000 "
1586,Quenton Nelson\NelsQu00,OG,IND,"$480,000 "
1587,Janarion Grant\GranJa01,WR,BAL,"$480,000 "
1588,Tyler Conklin\ConkTy00,TE,MIN,"$480,000 "
1589,Fred Warner\WarnFr00,OLB,SFO,"$480,000 "
1590,Antonio Callaway\CallAn00,WR,CLE,"$480,000 "
1591,Joseph Noteboom\NoteJo00,OT,LAR,"$480,000 "
1592,Cameron Johnston\JohnCa02,P,PHI,"$480,000 "
1593,Vyncint Smith\SmitVy00,WR,HOU,"$480,000 "
1594,Keion Crossen\CrosKe00,CB,NWE,"$480,000 "
1595,Dorance Armstrong\ArmsDo00,DE,DAL,"$480,000 "
1596,Frank Ragnow\RagnFr00,C,DET,"$480,000 "
1597,Brendan Mahon\MahoBr00,G,CAR,"$480,000 "
1598,Gregory Howell\HoweGr00,RB,HOU,"$480,000 "
1599,Terrell Edmunds\EdmuTe00,S,PIT,"$480,000 "
1600,Mason Schreck\SchrMa00,TE,CIN,"$480,000 "
1601,Jordan Wilkins\WilkJo01,RB,IND,"$480,000 "
1602,Devaroe Lawrence\LawrDe02,DL,CLE,"$480,000 "
1603,Brandon Facyson\FacyBr00,CB,LAC,"$480,000 "
1604,Will Hernandez\HernWi00,OG,NYG,"$480,000 "
1605,Ja'Whaun Bentley\BentJa00,ILB,NWE,"$480,000 "
1606,Lamar Jackson\JackLa00,QB,BAL,"$480,000 "
1607,Braden Smith\SmitBr06,OG,IND,"$480,000 "
1608,Rasheem Green\GreeRa01,DT,SEA,"$480,000 "
1609,T.J. Logan\LogaT.00,RB,ARI,"$480,000 "
1610,Josh Rosen\RoseJo01,QB,ARI,"$480,000 "
1611,Robert Foster\FostRo01,WR,BUF,"$480,000 "
1612,Casey Dunn\DunnCa00,C,WAS,"$480,000 "
1613,Jason Sanders\SandJa00,K,MIA,"$480,000 "
1614,Russell Gage\GageRu00,WR,ATL,"$480,000 "
1615,Da'Shawn Hand\HandDa00,DE,DET,"$480,000 "
1616,Duke Ejiofor\EjioDu00,DE,HOU,"$480,000 "
1617,Kyzir White\WhitKy00,S,LAC,"$480,000 "
1618,Rashaan Gaulden\GaulRa00,CB,CAR,"$480,000 "
1619,Nick Chubb\ChubNi00,RB,CLE,"$480,000 "
1620,Brandon Parker\ParkBr01,OT,OAK,"$480,000 "
1621,Maurice Hurst\HursMa00,DT,OAK,"$480,000 "
1622,Siran Neal\NealSi00,CB,BUF,"$480,000 "
1623,Leon Jacobs\JacoLe00,OLB,JAX,"$480,000 "
1624,Denzel Ward\WardDe02,CB,CLE,"$480,000 "
1625,Keishawn Bierria\BierKe00,ILB,DEN,"$480,000 "
1626,Mike McGlinchey\McGlMi00,OT,SFO,"$480,000 "
1627,Richie James\JameRi00,WR,SFO,"$480,000 "
1628,Jake Butt\ButtJa00,TE,DEN,"$480,000 "
1629,Armani Watts\WattAr00,FS,KAN,"$480,000 "
1630,George Odum\OdumGe00,S,IND,"$480,000 "
1631,Kerryon Johnson\JohnKe06,RB,DET,"$480,000 "
1632,Anthony Averett\AverAn00,CB,BAL,"$480,000 "
1633,Tarvarius Moore\MoorTa00,S,SFO,"$480,000 "
1634,Derrick Willies\WillDe06,WR,CLE,"$480,000 "
1635,Johnny Mundt\MundJo00,TE,LAR,"$480,000 "
1636,Dallas Goedert\GoedDa00,TE,PHI,"$480,000 "
1637,Peter Kalambayi\KalaPe00,LB,HOU,"$480,000 "
1638,Dante Pettis\PettDa00,WR,SFO,"$480,000 "
1639,Ryan Lewis\LewiRy01,DB,BUF,"$480,000 "
1640,Harrison Phillips\PhilHa00,DT,BUF,"$480,000 "
1641,Holton Hill\HillHo00,CB,MIN,"$480,000 "
1642,Poona Ford\FordPo00,DT,SEA,"$480,000 "
1643,Austin Calitro\CaliAu00,LB,SEA,"$480,000 "
1644,Sony Michel\MichSo00,RB,NWE,"$480,000 "
1645,Chukwuma Okorafor\OkorCh00,OT,PIT,"$480,000 "
1646,Micah Kiser\KiseMi00,ILB,LAR,"$480,000 "
1647,Cornell Armstrong\ArmsCo00,CB,MIA,"$480,000 "
1648,Brett Maher\MaheBr01,K,DAL,"$480,000 "
1649,Buddy Howell\HoweBu00,RB,HOU,"$480,000 "
1650,Chase Edmonds\EdmoCh00,RB,ARI,"$480,000 "
1651,Justin Zimmer\ZimmJu00,DT,ATL,"$480,000 "
1652,Equanimeous St. Brown\St.BEq00,WR,GNB,"$480,000 "
1653,Kemoko Turay\TuraKe00,OLB,IND,"$480,000 "
1654,Greg Stroman\StroGr00,CB,WAS,"$480,000 "
1655,Tim Patrick\PatrTi00,WR,DEN,"$480,000 "
1656,Darius Leonard\LeonDa00,LB,IND,"$480,000 "
1657,Tre Herndon\HernTr00,CB,JAX,"$480,000 "
1658,Detrez Newsome\NewsDe00,RB,LAC,"$480,000 "
1659,Trent Sieg\SiegTr00,LS,OAK,"$471,765 "
1660,Eric Lee\LeexEr00,LB,DET,"$457,059 "
1661,Carroll Phillips\PhilCa00,OLB,IND,"$457,058 "
1662,Jojo Natson\NatsJo00,WR,LAR,"$451,760 "
1663,Keenan Reynolds\ReynKe00,RB,SEA,"$451,760 "
1664,Trey Quinn\QuinTr00,WR,WAS,"$451,760 "
1665,Deante Burton\BurtDe00,WR,ATL,"$451,760 "
1666,Victor Bolden\BoldVi00,WR,SFO,"$424,412 "
1667,Treyvon Hester\HestTr00,DT,PHI,"$424,412 "
1668,Greg Joseph\JoseGr00,K,CLE,"$423,529 "
1669,D'Juan Hines\HineDJ00,LB,CLE,"$423,529 "
1670,Sam Ficken\FickSa00,K,LAR,"$423,525 "
1671,Pharoh Cooper\CoopPh00,WR,LAR,"$406,941 "
1672,Tony Brown\BrowTo01,CB,GNB,"$395,294 "
1673,Andrew Adams\AdamAn00,FS,TAM,"$395,294 "
1674,Matthew McCrane\McCrMa00,K,OAK,"$395,294 "
1675,Jermaine Grace\GracJe00,LB,SEA,"$388,412 "
1676,Cam Sims\SimsCa00,WR,WAS,"$369,882 "
1677,Cameron Malveaux\MalvCa00,DE,MIA,"$367,059 "
1678,Colby Wadman\WadmCo00,P,DEN,"$367,055 "
1679,Trent Brown\BrowTr02,OT,NWE,"$190,700 "
1680,Maurice Smith\SmitMa04,FS,MIA,"$129,200 "
1681,Brian Parker\ParkBr00,TE,DEN,"$129,200 "
1682,Tyler Lancaster\LancTy00,DL,GNB,"$129,200 "
1683,Dean Marlowe\MarlDe00,S,BUF,"$129,200 "
1684,Elijhaa Penny\PennEl00,RB,NYG,"$129,200 "
1685,Tyvis Powell\PoweTy01,FS,SFO,"$129,200 "
1686,Jawill Davis\DaviJa07,WR,NYG,"$129,200 "
1687,Justin Jackson\JackJu01,RB,LAC,"$129,200 "
1688,Kapri Bibbs\BibbKa00,RB,WAS,"$129,200 "
1689,Jonathan Woodard\WoodJo00,DE,MIA,"$129,200 "
1690,Jeremiah McKinnon\McKiJe01,DB,CLE,"$129,200 "
1691,Brandon Wilds\WildBr01,RB,JAX,"$129,200 "
1692,Dominique Hatfield\HatfDo00,CB,LAR,"$129,200 "
1693,De'Lance Turner\TurnDe01,RB,BAL,"$129,200 "
1694,Nelson Agholor\AghoNe00,WR,PHI,"$129,200 "
1695,Tim White\WhitTi00,WR,BAL,"$129,200 "
1696,Trenton Scott\ScotTr01,T,LAC,"$129,200 "
1697,Garrett Dickerson\DickGa00,TE,NYG,"$129,200 "
1698,KhaDarel Hodge\HodgKh00,WR,LAR,"$129,200 "
1699,Brian Allen\AlleBr01,CB,PIT,"$129,200 "
1700,Branden Jackson\JackBr04,DE,SEA,"$129,200 "
1701,Dalyn Dawkins\DawkDa01,RB,TEN,"$129,200 "
1702,Robertson Daniel\DaniRo01,DB,BAL,"$129,200 "
1703,Quenton Meeks\MeekQu00,CB,JAX,"$129,200 "
1704,Mo Alie-Cox\AlieMo00,TE,IND,"$129,200 "
1705,Richard Jarvis\JarvRi00,LB,ATL,"$129,200 "
1706,Tre Sullivan\SullTr01,S,PHI,"$121,600 "
1707,Shalom Luani\LuanSh00,SS,SEA,"$121,600 "
1708,Adolphus Washington\WashAd00,DT,2TM,"$37,059 "
